Time Step,Discharge rate,Sugar feed rate,Soil bean feed rate,Aeration rate,Back pressure,Water injection/dilution,pH,Temperature,Acid flow rate,Base flow rate,Cooling water,Heating water,Vessel Weight,Dissolved oxygen concentration,Yield Per Step
0,136.6187858,59.24783241,26.96257042,59.84469274,0.9280030806,107.4265291,6.538682938,297.6063538,0,0,9.999999747e-05,269.7015991,61449.39062,17.57605171,0.05849079283
0.200000003,73.14548719,39.19100673,22.09022995,55.11643441,0.8942139247,130.2407179,6.519094467,297.8531799,0,0,9.999999747e-05,78.73136139,61471.58594,17.28652191,-2.923623096e-05
0.400000006,13.7475325,30.56350091,22.80719294,46.40434942,0.8691809538,31.09960199,6.500698566,297.8210144,0,0,9.999999747e-05,9.999999747e-05,61483.33203,17.03450203,-3.034136342e-05
0.6000000238,102.4390737,48.24269283,24.20687802,51.43472129,0.8815560468,77.99681818,6.483372688,298.1712341,0,0.2382577062,9.999999747e-05,107.1538315,61490.52344,17.12289238,-2.954577018e-05
0.8000000119,0,12.98315123,21.11175816,38.57951054,0.7633101736,0,6.47151947,298.0253601,0,7.407210827,114.353508,10.71538353,61493.97266,16.07052994,-3.121142072e-05
1,25.61811511,25.27711684,23.45997985,44.62132814,0.7690329736,46.66421554,6.467113972,297.9077454,0,19.30292511,67.8213501,1.071538329,61507.96484,16.11382675,-3.060148605e-05
1.200000048,0,16.88072649,21.25382573,40.91775479,0.7637717161,0,6.470653057,298.1595764,0,32.95392227,20.34640503,85.08827972,61517.72656,16.03517532,-3.108108707e-05
1.399999976,0,9.535616374,21,36.44392713,0.6992932242,0,6.480398655,298.0112915,0,45.18703842,104.6547089,8.508828163,61527.94531,15.45551014,-3.114090266e-05
1.600000024,0,19.70244806,22.54045729,40.44560567,0.7595096526,7.251201291,6.494161606,297.9077148,0,53.52700424,57.59269333,0.8508828282,61544.41016,15.95140743,-3.079180017e-05
1.799999952,0,20.79941861,23.21184407,40.65277321,0.7997876553,29.10258248,6.509215355,298.1139526,0,56.36843491,17.27780724,70.0586319,61566.33984,16.27306366,-3.081476607e-05
2,0,19.84988085,22.35152361,40.3006234,0.8052120579,13.19233466,6.522145748,297.9938354,0,53.19689941,85.74993896,7.005863667,61583.93359,16.29789734,-3.082171576e-05
2.200000048,0,24.06768973,23.70553452,40.93948837,0.8637225131,16.67712961,6.528542042,297.9098511,0,44.86429977,47.03178406,0.7005863786,61601.92188,16.76265335,-3.054050836e-05
2.400000095,0,29.53041589,23.93457264,40.84754576,0.8805869367,0,6.528773785,298.0935974,0,33.98789215,14.10953522,60.219841,61615.78906,16.89056206,-3.061618335e-05
2.599999905,0,16.01916385,22.52347939,39.16753419,0.8236856491,0,6.521113873,297.9935913,0,23.01809502,74.74834442,6.0219841,61623.49219,16.37865067,-3.070654137e-05
2.799999952,0,21.52180397,22.96015048,40.76021558,0.8454541842,0,6.508020878,297.9242859,0,15.11832333,42.38328934,0.602198422,61631.13672,16.53702736,-3.055891297e-05
3,0,16.92418997,21.60520285,39.4249361,0.7564810508,0,6.493680477,298.0930481,0,12.44833851,12.7149868,53.32643509,61636.75391,15.76619053,-3.071684266e-05
3.200000048,0,13.21433411,21.70197292,38.32757782,0.7015685847,0,6.481502056,298.0078125,0,15.50120068,68.62530518,5.332643509,61644.05469,15.2761488,-3.085576635e-05
3.400000095,0,13.6955967,22.20376421,38.09329777,0.6974366643,0,6.474194527,297.95047,0,23.41447639,41.43832016,0.533264339,61653.22266,15.21487617,-3.073550483e-05
3.599999905,13.06450448,27.10807852,23.94964935,42.91365702,0.7794496604,0,6.471965313,297.9195251,0,34.24171066,22.58522415,0.05332643539,61665.83594,15.8873167,-3.047150189e-05
3.799999952,0,19.15710034,21.29544695,41.65464324,0.7773672137,13.42557833,6.476075172,298.0366516,0,45.95948029,6.775567055,33.62355423,61682.42969,15.84462261,-3.071924506e-05
4,32.22868878,30.84822959,25.61208807,41.35038738,0.7982816468,0,6.485783577,297.9899597,0,56.02885437,44.39338684,3.362355471,61695.65234,15.9880991,-3.030580481e-05
4.199999809,0,15.02833787,22.53210694,37.38025246,0.7606411397,0,6.497543812,297.9593506,0,62.21678925,28.78066063,0.336235553,61711.94531,15.62141228,-3.058643762e-05
4.400000095,0,18.06251905,22.55884452,38.9386365,0.7141083222,0,6.510211468,297.9480896,0,63.71174622,18.19343758,0.03362355381,61729.37891,15.21468449,-3.04653784e-05
4.599999905,0,20.83654778,25.23237149,38.08340989,0.7478270859,0,6.520637989,298.0460205,0,60.14328766,5.458031654,24.2998085,61747.30859,15.45979309,-3.048599986e-05
4.800000191,0,17.71203112,24.81240448,38.07391444,0.747809588,0,6.525431633,298.0198364,0,52.41447067,37.38232803,2.429980755,61762.72266,15.42469406,-3.050985625e-05
5,0,17.11598174,23.82906182,38.5135176,0.7371333825,0,6.523757935,298.0016174,0,42.77943039,29.34077072,0.2429980785,61775.82812,15.3046875,-3.043914761e-05
5.199999809,10.32941653,25.1582079,24.96781976,40.14265479,0.7829303508,0,6.51598835,297.9940796,0,33.81717682,23.99631691,0.02429980785,61787.34766,15.66138077,-3.027827019e-05
5.400000095,23.7764641,21.00560305,23.96575522,41.46787021,0.7483522667,0,6.504241467,297.9935913,0,27.96192932,21.59089661,0.002429980785,61793.60547,15.34190559,-3.011738565e-05
5.599999905,0,18.1870761,22.4896259,40.57130791,0.7140631746,0,6.492427349,298.000061,0,26.79891968,21.25595474,0.0002429980814,61803.49609,15.02040195,-3.048458172e-05
5.800000191,9.259316684,24.54861691,24.18605924,42.52383023,0.7474379972,0,6.482674122,298.006897,0,30.34916306,23.24932861,9.999999747e-05,61814.23828,15.27232456,-3.041081533e-05
6,0,13.72473547,23.09870571,37.45230493,0.7063872557,0,6.477189064,298.0151062,0,37.79367447,25.56968117,9.999999747e-05,61825.28906,14.8485918,-3.057335123e-05
6.199999809,0,14.6586322,22.86339595,37.76004637,0.6843442899,0,6.476367474,298.0215454,0,47.42484283,28.60547829,9.999999747e-05,61838.51562,14.62225246,-3.058868392e-05
6.400000095,0,13.4197587,23.77304629,37.40336876,0.6597238327,0,6.48037529,298.0276489,0,57.38300705,31.33309364,9.999999747e-05,61853.60938,14.36702251,-3.057761983e-05
6.599999905,0,17.73495107,24.31745014,38.91816162,0.6804527135,0,6.489497185,298.0356445,0,65.73713684,34.19687653,9.999999747e-05,61871.69141,14.51512241,-3.054314167e-05
6.800000191,0,19.103524,24.50451069,40.11098043,0.702618147,0,6.499531746,298.0407715,0,70.44113922,37.94984818,9.999999747e-05,61891.12891,14.66392612,-3.049302396e-05
7,0,21.7322643,25.3290873,41.63133116,0.7537713678,11.34481896,6.508247375,298.0437927,0,71.14474487,40.98768616,9.999999747e-05,61913.88672,15.0586338,-3.043940117e-05
7.199999809,0,21.97063169,24.77133328,39.65315875,0.7385890431,0,6.515367508,298.0501404,0,68.36937714,43.52070999,9.999999747e-05,61933.71875,14.86611938,-3.03948909e-05
7.400000095,0,16.79536331,24.87425153,38.02935051,0.7111396601,0,6.518651962,298.057312,0,62.74691772,47.33213043,9.999999747e-05,61951.02734,14.56670952,-3.036825011e-05
7.599999905,54.76592324,35.71807048,25.57363892,50.67611354,0.8459010445,83.15662327,6.516089916,298.0568542,0,55.81810379,51.64063644,9.999999747e-05,61977.96094,15.77823067,-2.962076722e-05
7.800000191,0,15.89973664,23.8320421,38.89806137,0.7250382502,0,6.509638309,298.0650024,0,49.92095947,53.58311081,9.999999747e-05,61992.19922,14.58730698,-3.036593145e-05
8,0,18.49910103,24.71004832,40.57646722,0.7169403188,0,6.501526356,298.0757141,0,46.59860611,58.52448273,9.999999747e-05,62006.63672,14.48180199,-3.040488294e-05
8.199999809,29.94143605,29.38146836,24.35268574,48.65326173,0.784119494,48.11868511,6.491872787,298.0771179,0,46.51399231,64.59647369,9.999999747e-05,62027.64062,15.08043957,-3.00419095e-05
8.399999619,0,16.35407644,23.9409799,39.2964615,0.7292536137,0,6.483428478,298.0796204,0,50.29063797,67.84185028,9.999999747e-05,62042.08594,14.44506168,-3.047488435e-05
8.600000381,18.19739812,25.66976084,26.09089136,43.69751818,0.7372397777,0,6.479482651,298.0859375,0,57.43597412,71.58614349,9.999999747e-05,62057.1875,14.5020647,-3.025383854e-05
8.800000191,0,17.03952511,24.81697857,38.73063911,0.7122935455,0,6.47973299,298.0921326,0,66.14880371,76.73342133,9.999999747e-05,62075.24219,14.16574192,-3.050351236e-05
9,0,23.12136345,25.48364924,43.55905713,0.729257295,0,6.485582829,298.1043091,0,74.76218414,82.04703522,9.999999747e-05,62096.85547,14.31039906,-3.049122218e-05
9.199999809,0,27.49088591,26.56999752,42.19035774,0.7738130561,0,6.493965149,298.1141968,0,81.03065491,89.65084076,9.999999747e-05,62121.14844,14.59589386,-3.046263458e-05
9.399999619,0,26.08120058,27.7708928,40.79028305,0.7525372307,0,6.503156662,298.1248169,0,83.95589447,96.88843536,9.999999747e-05,62145.88672,14.32236195,-3.04246022e-05
9.600000381,0,29.11142649,26.82744446,43.09021489,0.8054242628,0,6.510251045,298.1318054,0,83.20980835,104.7526093,9.999999747e-05,62171.11719,14.72879314,-3.038729107e-05
9.800000191,3.575276093,23.92385872,27.83915128,40.5371455,0.7271039524,0,6.515804291,298.1488647,0,79.63561249,111.7715912,9.999999747e-05,62192.87109,13.95000172,-3.031797246e-05
10,0,24.25205754,27.51965514,41.54789097,0.7141974767,0,6.516136646,298.1593323,0,73.83834076,122.5413132,9.999999747e-05,62214.1875,13.77473164,-3.03646374e-05
10.19999981,0.7052334023,32.6561824,28.86798823,45.4784286,0.7765551112,13.3030286,6.509234428,298.1506958,0,67.92027283,131.6120605,9.999999747e-05,62239.36719,14.27227211,-3.035665562e-05
10.39999962,0,20.5093753,26.9914281,40.16166672,0.7177092558,0,6.495845795,298.1208191,0,64.77015686,134.5314941,9.999999747e-05,62257.60938,13.59614658,-3.035818461e-05
10.60000038,31.85275211,34.65503436,28.84511689,46.02672746,0.7679796805,5.507194204,6.484271049,298.1121521,0,66.97358704,129.9411926,9.999999747e-05,62275.08984,14.02646542,-2.993377437e-05
10.80000019,0,26.15553556,27.68575428,42.98568852,0.7467398276,0,6.476565838,298.1169739,0,73.78031158,131.6963654,9.999999747e-05,62296.87109,13.70534897,-3.038711143e-05
11,9.493376444,26.04456485,26.15343125,45.18194836,0.724173085,0,6.472935677,298.120636,0,83.66213989,137.6327515,9.999999747e-05,62318.41797,13.46841621,-3.028063439e-05
11.19999981,0,21.59799013,27.96197594,40.20671602,0.6902244354,0,6.473238945,298.1235046,0,94.99514008,143.2503357,9.999999747e-05,62343.35156,12.98013496,-3.040643401e-05
11.39999962,13.05397419,33.58572698,28.51467667,46.88998619,0.7322766983,8.373788474,6.474318504,298.1090393,0,106.2069016,148.7312317,9.999999747e-05,62372.91797,13.37087059,-3.01986684e-05
11.60000038,21.03539888,41.95534013,29.79595179,46.50250828,0.7925281748,17.45162546,6.479547501,298.1126709,0,116.9970016,148.359314,9.999999747e-05,62407.44531,13.76966858,-3.004642779e-05
11.80000019,0,35.35761271,29.8923623,42.21681528,0.7735725371,0,6.48636198,298.1231995,0,125.6843719,153.8019867,9.999999747e-05,62442.73828,13.41019726,-3.02953624e-05
12,0,36.26666414,30.79920638,42.70566205,0.7581156631,0,6.492685318,298.1316833,0,131.6539307,161.6362457,9.999999747e-05,62479.66016,13.1779108,-3.026643811e-05
12.19999981,6.17652201,50.77405525,30.230954,45.18719532,0.7578491246,0,6.499174118,298.1542969,0,135.1007843,169.1050415,9.999999747e-05,62519.90234,13.1228447,-3.016844408e-05
12.39999962,0,47.55249936,31.30578524,45.01106791,0.7558299018,0,6.502650738,298.1631165,0,135.9500885,181.7809296,9.999999747e-05,62560.875,12.97866726,-3.024346212e-05
12.60000038,54.94065798,64.35920794,29.94710307,53.84118668,0.8199945765,46.66409986,6.503385067,298.1630859,0,135.4191589,190.4421539,9.999999747e-05,62604.32812,13.61365032,-2.948935392e-05
12.80000019,22.5762552,46.0243171,30.64343071,46.55834486,0.7814391816,0,6.501589775,298.1653442,0,134.5937958,196.4765778,9.999999747e-05,62639.81641,12.98899174,-2.99065417e-05
13,19.2230005,60.4096102,30.60376134,48.50598825,0.7869661844,9.346861128,6.497653961,298.1659241,0,134.4860992,203.370697,9.999999747e-05,62681.76562,12.96032524,-2.995033377e-05
13.19999981,27.43256965,58.43450813,30.72398753,49.96627464,0.7855794633,14.29252339,6.492557526,298.1691895,0,135.9517517,209.7593536,9.999999747e-05,62722.82812,12.85184956,-2.984821528e-05
13.39999962,0,51.76770205,29.64018842,48.15462957,0.7528075638,19.59064431,6.486384869,298.1699219,0,139.4528961,217.106369,9.999999747e-05,62769.29297,12.40578556,-3.022971741e-05
13.60000038,8.38126885,65.60042879,32.34459973,46.49325844,0.7514501957,0,6.480743885,298.1781311,0,145.4229889,223.6758118,9.999999747e-05,62815.5,12.18917751,-3.013962321e-05
13.80000019,0,62.94905291,31.88285445,48.35440086,0.7411467718,0,6.473772049,298.1617737,0,153.6441956,232.8736267,9.999999747e-05,62864.20703,12.01772976,-3.025808415e-05
14,5.707388413,85.56547663,31.65480905,52.21182931,0.7550438145,0,6.467341423,298.1485596,0,164.6601868,233.8441772,9.999999747e-05,62920.00391,12.10175323,-3.016792612e-05
14.19999981,0,85.94397278,32.34399724,50.67978762,0.7122261625,0,6.459105492,298.1063843,0,178.2424011,235.4774628,9.999999747e-05,62979.76953,11.56856155,-3.02068448e-05
14.39999962,0,94.06972122,31.15228749,53.54131079,0.738439081,28.51456649,6.454463482,298.1179504,0,195.1265869,226.6014557,9.999999747e-05,63050.96094,11.7304678,-3.019166952e-05
14.60000038,0,105.759203,32.71730989,53.84309952,0.7471623972,20.86856161,6.451226234,298.1505432,0,213.8500519,234.893219,9.999999747e-05,63127.97266,11.64660454,-3.024241878e-05
14.80000019,0,113.4117782,31.78463667,53.82239495,0.7166832344,0.321736315,6.447043419,298.1676331,0,225,250.473526,9.999999747e-05,63204.88281,11.23643494,-3.029794401e-05
15,16.23958706,115.284211,29.68881696,62.06943681,0.7603870801,83.23642869,6.440988064,298.1790466,0,225,261.7739868,9.999999747e-05,63295.59375,11.71121025,-3.012184549e-05
15.19999981,5.212104715,109.1446671,32.19038072,55.08164256,0.7370266688,12.16700076,6.433655739,298.1846313,0,225,271.8675232,9.999999747e-05,63372.71484,11.11821842,-3.03048512e-05
15.39999962,0,121.7543149,30.88679769,57.83751693,0.6931084511,12.77315521,6.425576687,298.2086487,0,225,280.418335,9.999999747e-05,63454.27734,10.66260052,-3.043079193e-05
15.60000038,57.5519895,112.4446768,29.20645771,58.89938442,0.7437939749,93.96902561,6.416595459,298.2257996,0,225,295.587616,9.999999747e-05,63537.88672,10.99437714,-2.973594558e-05
15.80000019,0,127.4166369,30.65805706,58.24646333,0.6720499159,39.4476786,6.406846523,298.2492676,0,225,309.1524353,9.999999747e-05,63626.44531,10.16317654,-3.057803567e-05
16,38.37258605,117.4397171,30.81429619,56.87376322,0.7121985129,33.06206346,6.396434784,298.2553711,0,225,325.5823059,9.999999747e-05,63703.08984,10.26542854,-3.013645183e-05
16.20000076,7.839444443,120.609536,29.94529715,56.34568362,0.6762022056,21.07827945,6.386066914,298.2971497,0,225,336.8601074,9.999999747e-05,63784.39844,9.738297462,-3.063556487e-05
16.39999962,0,136.7647923,31.53777797,56.48282344,0.6407682429,4.764623161,6.375463009,298.3438416,0,225,360.8104858,9.999999747e-05,63868.74219,9.217924118,-3.087905327e-05
16.60000038,0,140.137897,30.09570868,52.54132861,0.5906938089,2.014911932,6.364346981,298.366272,0,225,387.7499084,9.999999747e-05,63953.12109,8.460141182,-3.100096072e-05
16.79999924,0,145.0659564,28.76104391,59.3550606,0.5901260196,29.69084573,6.352882862,298.3815918,0,225,408.0312195,9.999999747e-05,64044.27734,8.530237198,-3.109308408e-05
17,0,145.9800509,29.76123788,57.02259349,0.5777372936,17.30827924,6.341618538,298.4085388,0,225,426.8815613,9.999999747e-05,64133.41016,8.1127491,-3.119201585e-05
17.20000076,0,143.2819424,29.16673629,52.33801903,0.5851172659,13.84172123,6.330693245,298.433136,0,225,450.3761902,9.999999747e-05,64221.02344,7.785725594,-3.130084758e-05
17.39999962,0,147.1089659,28.12886062,54.0362146,0.5631442093,0,6.321051121,298.4800415,0,225,473.9766846,9.999999747e-05,64306.82031,7.5001297,-3.142856873e-05
17.60000038,0,144.6458334,27.90428336,54.86922121,0.5747493585,0,6.314399719,298.4897461,0,225,506.2157593,9.999999747e-05,64391.87891,7.671622753,-3.153160594e-05
17.79999924,0,142.7566275,28.53397438,55.86489415,0.5864195526,4.512990199,6.319759846,298.4143677,0,225,527.211853,9.999999747e-05,64477.44922,8.714458466,-3.147238302e-05
18,0,146.0619119,28.42058998,51.94281819,0.5659337317,5.163558484,6.335076809,298.2595215,0,225,519.4992065,9.999999747e-05,64563.99219,8.602237701,-3.110832394e-05
18.20000076,0,142.5549144,30.05373869,56.27179511,0.5931135962,0,6.349285603,298.1665955,0,225,482.1825562,9.999999747e-05,64648.92188,8.935040474,-3.072843406e-05
18.39999962,0,144.3083167,28.75355577,56.988069,0.580507946,30.64009748,6.361530304,298.1159668,0,225,461.0128479,9.999999747e-05,64740.48047,8.848020554,-3.047769174e-05
18.60000038,0,146.594479,29.14775822,55.8168555,0.5674103975,0,6.371365547,298.0868225,0,225,450.4909363,9.999999747e-05,64826.46484,8.57763958,-3.030979174e-05
18.79999924,0,142.7345453,28.38266511,58.49174079,0.5892031132,0.3905570088,6.381234646,298.0470276,0,225,445.165802,9.999999747e-05,64911.29688,8.956317902,-3.016622728e-05
19,0,144.4437877,28.14475239,59.22579121,0.5843012117,8.906298872,6.389735699,297.9891968,0,225,434.90802,9.999999747e-05,64998.16797,8.938239098,-2.999218026e-05
19.20000076,0,144.0003721,28.70140421,56.91797545,0.5823538448,34.21322922,6.396738052,297.9564819,0,225,417.0267334,9.999999747e-05,65090.24219,8.819195747,-2.983743478e-05
19.39999962,0,128.2851707,29.44543356,55.13313601,0.6496382538,48.5968553,6.407352924,297.9107666,0,225,405.762207,9.999999747e-05,65181.14453,9.634222984,-2.969565898e-05
19.60000038,0,121.9180013,29.48950898,57.07896405,0.6577057394,28.32706324,6.419368744,299.5673828,0,225,121.7286682,429.1419373,65265.90625,9.890766144,-3.135277821e-05
19.79999924,4.646515719,134.4374394,27.84494475,62.78745281,0.741271081,17.61268153,6.4266119,299.2089539,0,225,690.2652588,42.9141922,65350.33984,10.53791904,-3.260499395e-05
20,0,137.4808209,31.75376458,54.46399314,0.6334877062,5.717163748,6.428860188,298.9269409,0,225,612.9577026,4.291419506,65435.12109,9.008084297,-3.191111282e-05
20.20000076,0,144.1772885,30.12627103,57.14665781,0.6078260224,25.8725987,6.428606033,298.736908,0,225,563.6850586,0.4291419387,65525.72656,8.776502609,-3.137559905e-05
20.39999962,0,143.7060155,28.23949802,58.36870058,0.5938381787,29.41438811,6.429864407,298.5430908,0,225,535.0036011,0.04291419312,65616.52344,8.830313683,-3.094491244e-05
20.60000038,0,142.4362959,30.11580591,55.13196551,0.5946989173,13.12843833,6.430471897,298.4254761,0,225,497.1866455,0.004291419405,65704.1875,8.591016769,-3.058866123e-05
20.79999924,0,142.497704,30.09730572,58.40611609,0.6112475738,24.42544608,6.431172848,298.3060913,0,225,478.4306641,0.0004291419173,65794.23438,8.870922089,-3.031874006e-05
21,0,140.9305397,29.59482246,58.20151135,0.6067365961,4.01864486,6.432477951,298.2480774,0,225,454.0799561,9.999999747e-05,65879.89062,8.790734291,-3.011068061e-05
21.20000076,0,143.1110499,29.02815026,59.42611171,0.592297428,27.01981001,6.43325758,298.1848145,0,225,446.4415894,9.999999747e-05,65970.86719,8.709915161,-2.996147266e-05
21.39999962,0,139.0542114,29.51023191,55.72351594,0.6045630008,17.22698857,6.435359955,298.1174316,0,225,434.3580322,9.999999747e-05,66058.92969,8.739274979,-2.980262293e-05
21.60000038,0,138.6262644,28.70149023,61.74274126,0.6233750642,44.43035136,6.437522411,298.0830688,0,225,418.5169983,9.999999747e-05,66152.5625,9.125382423,-2.96691214e-05
21.79999924,0,135.7072341,30.48114198,54.84016656,0.6125065934,0,6.439557076,298.073761,0,225,411.5705872,9.999999747e-05,66236.78125,8.682934761,-2.959687479e-05
22,0,140.0719897,30.29981457,57.25369336,0.6192753576,10.17976022,6.439190388,298.1085815,0,225,411.7272949,9.999999747e-05,66324.52344,8.6537714,-2.960213552e-05
22.20000076,0,126.7853763,30.23840461,62.46469935,0.7315767118,38.96180678,6.444079876,298.0657654,0,225,426.5777588,9.999999747e-05,66414.42969,10.15088367,-2.955524097e-05
22.39999962,0,139.4196354,29.12353472,60.22816107,0.611464058,30.41631196,6.444472313,298.0620728,0,225,415.6140747,9.999999747e-05,66505.90625,8.78304863,-2.948687549e-05
22.60000038,0,144.0849941,29.61450954,57.84908362,0.5847083961,8.053939598,6.442266464,298.0994873,0,225,417.1328735,9.999999747e-05,66594.30469,8.239897728,-2.951230617e-05
22.79999924,0,143.1293227,27.5599341,57.36227142,0.5851008104,43.14503543,6.44184351,298.0997925,0,225,432.3945618,9.999999747e-05,66689.20312,8.378997803,-2.954410035e-05
23,0,144.8185809,28.77340632,58.87408703,0.5810383321,23.72806133,6.44027853,298.1168213,0,225,435.9494934,9.999999747e-05,66780.82812,8.232067108,-2.954960222e-05
23.20000076,1.207340318,135.058419,27.65864951,55.54420097,0.6077600811,60.19887195,6.443120956,298.0950623,0,225,445.5628662,9.999999747e-05,66876.75781,8.651191711,-2.942521427e-05
23.39999962,18.40991776,122.3825147,28.02448605,60.44482338,0.6921415889,106.2026116,6.450163841,298.0571899,0,225,442.3082275,9.999999747e-05,66975.1875,9.854022026,-1.201576828e-05
23.60000038,0,141.3701237,30.70316931,57.41823887,0.5998570547,0.196344692,6.448170185,298.0700378,0,225,432.9769592,9.999999747e-05,67061.21094,8.242665291,-2.918908211e-05
23.79999924,0,142.4069843,28.90551762,57.89858844,0.5909312095,9.149810423,6.446322918,298.1004639,0,225,439.8287659,9.999999747e-05,67149.09375,8.187280655,-2.940728154e-05
24,0,141.8913326,28.29242224,57.18218447,0.5880835512,19.94090958,6.444972992,298.13797,0,225,452.865387,9.999999747e-05,67239,8.124094009,-2.945215957e-05
24.20000076,0,143.1182468,27.16563069,60.65625501,0.5978209579,75.01100065,6.444281101,298.1217957,0,225,469.3442078,9.999999747e-05,67340.15625,8.454180717,-2.935177105e-05
24.39999962,0,142.0906021,27.25959817,64.42968322,0.6068054935,71.1307918,6.444674492,298.0731812,0,225,468.6576538,9.999999747e-05,67440.07812,8.704101562,-2.862387607e-05
24.60000038,0,143.0713891,29.88841655,57.12010866,0.5867978398,0,6.442807674,298.109375,0,225,456.5660095,9.999999747e-05,67526.39062,7.915606022,-2.927743931e-05
24.79999924,0,135.9610314,28.80415458,57.99506393,0.6176134702,51.55674413,6.444171906,298.1132507,0,225,472.1622925,9.999999747e-05,67621.11719,8.475581169,-2.501698066e-05
25,0,140.6511004,27.52587337,62.18139817,0.6071247531,52.87325049,6.444652557,298.104248,0,225,477.3355408,9.999999747e-05,67717.11719,8.485424995,-2.532319484e-05
25.20000076,0,139.8954367,29.34795747,55.10792294,0.5950139032,26.35009975,6.444149017,298.1225586,0,225,478.4457397,9.999999747e-05,67807.88281,7.947755814,-2.662401279e-05
25.39999962,0,143.8445098,28.49413843,57.82635022,0.5854818009,37.92043671,6.44274807,298.1298218,0,225,488.7373047,9.999999747e-05,67901.9375,7.919425488,-2.722547119e-05
25.60000038,0,144.9720104,27.35072462,58.49050396,0.5806200584,49.16471995,6.442828178,298.0595398,0,225,495.7041931,9.999999747e-05,67998.10938,8.033514023,-1.657320155e-05
25.79999924,31.14586414,126.2896844,27.96364462,58.19081923,0.6817228298,93.75846422,6.449353695,297.9964905,0,225,476.270813,9.999999747e-05,68092.17969,9.314045906,0.001303409489
26,0,141.0793015,28.50945031,62.38946298,0.6159639392,40.40417755,6.44930172,297.9822388,0,225,457.2789001,9.999999747e-05,68185.83594,8.42780304,4.395001833e-05
26.20000076,0,139.2299756,28.24644764,59.18775693,0.6253176779,58.4363334,6.45016098,297.9469299,0,225,452.6980286,9.999999747e-05,68282.55469,8.484367371,0.0001380755188
26.39999962,0,141.7843488,28.98964903,58.58015876,0.5976685621,37.6811372,6.449525356,299.6745605,0,225,135.8094025,470.3284912,68375.64062,8.060915947,4.115713295e-05
26.60000038,9.637492929,143.2987504,27.13150507,57.19742716,0.6320061359,39.86702565,6.449412823,299.4523926,0,225,730.1144409,47.03284836,68467.08594,8.312304497,6.617170237e-05
26.79999924,12.33773396,142.1253735,29.86630026,57.08603461,0.6420492698,16.92849255,6.448358536,299.1588745,0,225,703.2996216,4.70328474,68553.53906,8.21200943,4.819948014e-05
27,0,131.2774262,28.67365312,58.79057002,0.6752401199,47.5443015,6.452454567,298.8589783,0,225,658.1705322,0.4703285098,68645.60156,8.952297211,0.002522417724
27.20000076,0,135.3199204,30.79318214,59.16866999,0.7027948547,33.8099369,6.453036785,298.6754761,0,225,600.3687134,0.047032848,68736.52344,8.900802612,0.0007402769031
27.39999962,0,145.6264657,29.26672639,55.71853555,0.574678625,12.37667641,6.450922489,298.5170288,0,225,571.5204468,0.004703285173,68825.53125,7.486497879,0.0002158115397
27.60000038,0,138.7899372,28.76024082,55.52568795,0.6144826174,41.04804891,6.452381611,298.3352661,0,225,543.5583496,0.000470328494,68918.35156,8.091124535,0.002202215521
27.79999924,0,144.6313733,28.73220266,58.53592729,0.583647454,20.74439,6.451763153,298.2136841,0,225,501.4302063,9.999999747e-05,69008.61719,7.758324146,0.001104102568
28,0,142.1474848,27.80627764,60.28611842,0.6048777947,40.7741609,6.452385902,298.1314087,0,225,473.4156799,9.999999747e-05,69102.25,8.093598366,0.002589414009
28.20000076,0,144.4497554,28.56986648,60.40502605,0.5885428014,48.04809299,6.452069283,298.0457764,0,225,453.9553833,9.999999747e-05,69198.02344,7.905743599,0.00245892706
28.39999962,0,141.1388852,28.25351702,58.56925476,0.6092800939,43.73016747,6.452872753,298.011261,0,225,429.9630737,9.999999747e-05,69292.10938,8.021803856,0.004642444123
28.60000038,0,140.3877175,28.38485237,61.81108584,0.6167167092,48.98295275,6.453609943,297.9975891,0,225,420.4169006,9.999999747e-05,69387.15625,8.183847427,0.005870438964
28.79999924,66.22177512,119.5463481,28.97984669,56.70382405,0.7172175369,80.85773514,6.461974144,297.9421997,0,225,416.3817444,9.999999747e-05,69469.54688,9.38106823,0.09697905848
29,0,130.3542159,29.49685112,58.53595798,0.6507894778,43.71281709,6.464148045,299.5362244,0,225,124.9145279,441.1391907,69560.875,8.431985855,0.02216500175
29.20000076,43.92235154,144.667016,28.72221096,58.84342251,0.6230275742,24.65160527,6.46069479,299.4295349,0,225,673.0948486,44.1139183,69642.92969,7.785545349,0.002459713062
29.39999962,0,144.2372963,30.53958702,51.47589789,0.6014727536,0,6.456272602,299.251709,0,225,681.9425049,4.411391735,69729.3125,7.058357716,0.001577223923
29.60000038,0,144.1286048,28.3337269,55.52422421,0.6023213892,9.27411565,6.453501225,299.1067505,0,225,675.0053711,0.4411391914,69817.35156,7.322087288,0.003385405884
29.79999924,0,140.9946814,27.22199064,58.92992122,0.6132192519,29.87310866,6.452679157,298.9899597,0,225,673.2634888,0.04411391914,69908.69531,7.676384926,0.008573149332
30,0,144.4851531,29.14456201,55.13886393,0.5869283341,39.08702601,6.449450016,298.8964539,0,225,675.5652466,0.004411391914,70003.3125,7.066766739,0.003983932381
30.20000076,3.191515083,137.9750992,28.59084792,55.92749635,0.6113763184,34.98332219,6.449541092,298.8080444,0,225,681.3057861,0.0004411391856,70094.60938,7.466481686,0.01466843314
30.39999962,0,143.572373,28.86355958,54.66588139,0.5884433958,0,6.448068142,298.7028809,0,225,685.1166992,9.999999747e-05,70180.90625,6.996553898,0.009427020766
30.60000038,25.60459752,138.7631002,28.1166448,60.99493176,0.6335019482,78.76598325,6.448626995,298.6013184,0,225,679.7999268,9.999999747e-05,70276.71875,7.92213726,0.02451946642
30.79999924,41.43818765,132.0275811,27.55210534,60.38777499,0.65606275,91.97508457,6.452452183,298.4673157,0,225,671.9063721,9.999999747e-05,70369.96875,8.34535408,0.08166359242
31,0,135.5510292,28.52839992,58.14171731,0.6208953968,51.71927096,6.453239441,298.4217224,0,225,648.9869995,9.999999747e-05,70464.80469,7.650493622,0.04662623083
31.20000076,0,142.2896327,27.66228612,58.57346905,0.5856354684,35.3466235,6.452514172,298.3410645,0,225,651.7915039,9.999999747e-05,70557.85156,7.244504929,0.0340167627
31.39999962,0,142.9642839,27.9201383,57.5717842,0.5889951011,50.75941126,6.451753139,298.2493286,0,225,640.1134644,9.999999747e-05,70654.22656,7.232624054,0.03900095265
31.60000038,70.67737468,122.5654576,28.31201097,60.20190924,0.7200037107,110.3366705,6.457915783,298.1655884,0,225,621.864563,9.999999747e-05,70742.89062,9.045285225,0.3007691133
31.79999924,0,142.5150677,28.93914835,59.18200668,0.5945808853,18.25555586,6.455667019,298.1576538,0,225,603.008606,9.999999747e-05,70832.85938,7.146455765,0.04392054501
32,0,142.2031113,27.14931086,60.46518101,0.5980946413,50.55546275,6.454687119,298.131073,0,225,607.1132812,9.999999747e-05,70929.02344,7.384456635,0.06598925723
32.20000076,27.79838999,133.7719259,26.29402507,63.19181219,0.6553426198,82.60264259,6.457378864,298.0896301,0,225,603.9147339,9.999999747e-05,71023.58594,8.291009903,0.1980899935
32.40000153,0,140.5187426,27.35425399,61.81067548,0.6027426583,83.26779901,6.456329823,298.0856018,0,225,594.7258301,9.999999747e-05,71126.11719,7.511864662,0.09706066375
32.59999847,0,138.6475844,27.41078301,62.17673888,0.6226903973,88.5658792,6.456062317,298.0760498,0,225,597.0063477,9.999999747e-05,71229.22656,7.73801899,0.1294487299
32.79999924,0,137.6950569,28.09855921,60.83557588,0.6338865864,62.81906618,6.455893993,298.0813904,0,225,596.9606323,9.999999747e-05,71326.9375,7.683896065,0.1424623763
33,2.181005362,136.8538242,28.13174454,61.68708146,0.6436877176,68.8224478,6.456077099,298.0779724,0,225,601.7249756,9.999999747e-05,71425.19531,7.820745945,0.1752026914
33.20000076,49.86724966,124.5058875,27.63593228,61.14431349,0.686141162,101.742206,6.460254192,298.0680237,0,225,603.5548096,9.999999747e-05,71516.98438,8.567578316,0.5510020243
33.40000153,62.99962958,119.6353478,28.44433184,61.25574392,0.7320546818,132.5728771,6.464895725,298.0111389,0,225,603.0714722,9.999999747e-05,71611.09375,9.162975311,0.8570992746
33.59999847,0,138.1642136,27.93645003,64.52888756,0.6340741584,76.67638996,6.463291645,298.0163269,0,225,586.0732422,9.999999747e-05,71711.79688,7.811394691,0.2311663296
33.79999924,0,137.4727679,27.4196967,61.33354076,0.6180932127,55.47763194,6.46238327,298.0270081,0,225,588.7073364,9.999999747e-05,71807.88281,7.529930592,0.2707318438
34,11.68072796,131.7277647,27.70621095,62.46026253,0.6737975826,90.17879963,6.462992668,298.0354309,0,225,592.9624634,9.999999747e-05,71907.20312,8.225027084,0.4432328451
34.20000076,0,139.4021885,26.48332024,62.94120171,0.6103268413,86.45870679,6.461583614,298.0504761,0,225,596.7994995,9.999999747e-05,72010.07812,7.53774929,0.3058313373
34.40000153,0,142.016935,27.4919125,60.89237584,0.5966844613,56.53398245,6.45920372,298.0730896,0,225,603.2627563,9.999999747e-05,72107.71094,7.128306389,0.2383382781
34.59999847,0,132.3306935,27.45655803,59.65063546,0.6365446187,86.87282586,6.459650993,298.1052551,0,225,612.8362427,9.999999747e-05,72208.97656,7.69023037,0.5209843912
34.79999924,0,140.5427705,26.56092659,60.48625894,0.601253191,58.73633001,6.457448959,298.1915283,0,225,626.5126343,9.999999747e-05,72306.77344,7.092824936,0.2947828777
35,16.37166571,135.2690648,27.65316037,61.45959554,0.6460317152,81.81047881,6.456250191,298.2885437,0,225,659.9836426,9.999999747e-05,72404.76562,7.584047318,0.3937605118
35.20000076,0,142.9163336,27.18292077,60.30851725,0.5906518795,80.42507155,6.452981949,298.3649902,0,225,699.9901733,9.999999747e-05,72507.82812,6.858961582,0.2489173353
35.40000153,27.26068794,133.0163622,26.17828267,59.13123234,0.6282794955,92.94762088,6.453835011,298.4023132,0,225,736.4523926,9.999999747e-05,72604.86719,7.500288486,0.6733344694
35.59999847,0,140.7725415,27.09260486,59.2011955,0.6034929944,46.7501723,6.452312469,298.4216003,0,225,762.4414062,9.999999747e-05,72700.28906,6.913846493,0.3966408031
35.79999924,10.77372447,137.9970771,27.35982733,58.85430073,0.6235731433,62.88727331,6.45220089,298.3664551,0,225,783.9020996,9.999999747e-05,72795.90625,7.222439766,0.582757519
36,91.40106903,119.3275361,27.95027271,61.17914854,0.7436646893,114.0378263,6.455832005,298.2340393,0,225,780.5460205,9.999999747e-05,72880.26562,9.072878838,2.061337236
36.20000076,0,137.4381933,28.53834328,60.88509899,0.6212126035,79.6698591,6.454729557,298.196106,0,225,749.015625,9.999999747e-05,72981.71875,7.266411304,0.6778365805
36.40000153,65.53302391,130.2159623,27.22611786,62.81991924,0.680768566,98.76666561,6.455692768,298.1748657,0,225,745.694397,9.999999747e-05,73071.50781,8.153356552,1.215739169
36.59999847,23.35157206,124.7155173,28.35830282,61.16177386,0.6751802577,89.81436278,6.456591129,298.1913452,0,225,746.0043945,9.999999747e-05,73166.92969,8.076097488,1.55160154
36.79999924,16.30816231,134.0334649,27.86271071,61.74661685,0.6402696845,71.81248315,6.455761433,298.2038574,0,225,758.4118042,9.999999747e-05,73262.64844,7.490091801,0.9915450685
37,8.799095234,135.9412292,27.27544376,60.79345675,0.6181277755,76.13793223,6.455061913,298.1513062,0,225,769.7765503,9.999999747e-05,73361.04688,7.309940338,1.085003624
37.20000076,7.150261947,135.1200316,27.68628219,60.23694228,0.6365873728,70.3013773,6.454689503,298.064209,0,225,759.2046509,9.999999747e-05,73458.33594,7.472712994,1.27594096
37.40000153,26.96002621,131.3971681,27.09777725,60.39071516,0.6513973633,67.17630616,6.454926968,298.0100098,0,225,735.2168579,9.999999747e-05,73549.88281,7.718469143,1.70595734
37.59999847,10.07209763,135.2176919,26.94088293,61.55075872,0.6270296747,70.61955525,6.454279423,297.9787903,0,225,719.5852051,9.999999747e-05,73646.71875,7.430532932,1.465937194
37.79999924,34.89920581,132.1717684,26.82847491,60.97987999,0.6438845585,65.42704313,6.454140663,297.9561462,0,225,709.5964966,9.999999747e-05,73736.5625,7.626357079,1.822496405
38,3.488328272,134.8434125,26.74936171,61.43764021,0.6327165204,83.79303843,6.453309059,297.9232483,0,225,701.2236328,9.999999747e-05,73837.34375,7.519429684,1.72435196
38.20000076,84.49198784,106.6094091,27.38175315,62.47557271,0.7848539585,118.6712509,6.458356857,300.0364075,0,225,210.3670959,720.7832031,73920.22656,9.9567976,4.075885074
38.40000153,114.1637846,120.3298615,26.8186788,62.64514068,0.8496584476,87.59506872,6.460079193,299.7586365,0,225,936.7778931,72.07832336,73994.19531,10.01897144,3.398077606
38.59999847,123.9839493,108.0943614,28.33117924,59.48922624,0.8199661616,82.37950957,6.463607311,299.3518372,0,225,901.4592896,7.20783186,74062.20312,9.932621956,4.052092166
38.79999924,76.48658715,123.8145815,27.40232187,61.67276611,0.7573730665,66.75314931,6.463021755,299.0541077,0,225,829.1438599,0.720783174,74141.28906,8.95916748,3.170884661
39,61.64886169,125.621228,29.53393114,59.13453677,0.7365962908,78.25010615,6.461629391,298.7657776,0,225,780.1710205,0.0720783174,74226.69531,8.555051804,2.899515675
39.20000076,15.19020931,136.9031705,28.83844235,60.66652018,0.6461276935,82.62459652,6.458726406,298.5880737,0,225,722.4653931,0.007207831834,74325.77344,7.475376129,1.874034639
39.40000153,0,141.3187488,28.28371089,61.22227682,0.6195328651,66.92781224,6.455758095,298.424469,0,225,692.0385132,0.000720783195,74425.78125,7.158691883,1.693328318
39.59999847,10.62927959,137.1725968,26.87455171,60.91914011,0.6200750302,73.82197564,6.453659534,298.3154602,0,225,658.9718628,9.999999747e-05,74523.73438,7.329116821,2.280950531
39.79999924,0,139.0758939,26.45224617,60.07309778,0.6048833281,62.13659632,6.451731205,298.1987305,0,225,638.512085,9.999999747e-05,74621.79688,7.137293339,2.370786524
40,59.67155888,131.1170488,27.52676607,64.95059516,0.7076894649,105.8876079,6.450732231,298.0639954,0,225,610.8844604,9.999999747e-05,74714.48438,8.527926445,3.180287206
40.20000076,0,141.938798,28.647278,61.74621959,0.6059444677,51.2581021,6.448552608,297.968689,0,225,572.7335815,9.999999747e-05,74811.32031,7.018127441,2.148928664
40.40000153,0,133.6811129,26.80235492,63.89600226,0.6497452308,74.85923323,6.447593212,297.8511658,0,225,543.2592163,9.999999747e-05,74910.27344,7.948606014,3.356855392
40.59999847,3.176531316,127.6945704,27.8260508,60.1521886,0.6453597737,76.23033752,6.44757843,299.6220398,0,225,162.9777527,584.4564819,75007.13281,7.865108013,3.742144141
40.79999924,37.86094687,134.7603529,26.90061354,60.99896095,0.7056754519,64.91840284,6.447072506,299.4006653,0,225,769.2336426,58.44564819,75096.0625,8.213661194,3.327806892
41,0,143.5092095,29.36880176,57.4158591,0.6269429811,13.52570868,6.445299149,299.127594,0,225,740.4066162,5.844564915,75185.24219,6.763188362,2.120364878
41.20000076,8.90822626,138.4320558,26.0473126,59.93402467,0.6321428216,56.13531416,6.444154739,298.881073,0,225,700.3742676,0.5844565034,75279.46094,7.382860661,3.181543899
41.40000153,2.493195806,138.2369912,27.27356988,56.85013913,0.6269106915,29.47280018,6.44299984,298.6801147,0,225,659.6578369,0.05844565108,75369.76562,7.046429157,3.164179862
41.59999847,58.85733668,124.067866,27.70681504,59.36633194,0.6990795489,89.30436353,6.444244862,298.459137,0,225,625.2182617,0.005844565108,75456.98438,8.374195099,4.278478128
41.79999924,0,143.6063684,28.05914577,63.35092638,0.5954315029,50.47714527,6.441991329,298.3128357,0,225,575.9903564,0.0005844564876,75553.84375,6.943469048,2.866060805
42,18.59184418,130.7685777,27.86524717,58.32166366,0.649265739,65.65385767,6.441753387,298.1590576,0,225,544.3914795,9.999999747e-05,75646.45312,7.647620201,4.047377123
42.20000076,0,142.5439098,27.11388265,61.58156109,0.5934816501,37.09735187,6.439888954,298.0897217,0,225,504.1662903,9.999999747e-05,75740.34375,6.86205101,3.210892069
42.40000153,26.14958117,131.1434596,27.47121351,58.46219487,0.6350552259,78.5577464,6.439786434,297.9908447,0,225,487.3686218,9.999999747e-05,75834.28125,7.54059267,4.16862628
42.59999847,0,142.076304,27.3119976,61.46887308,0.5969217438,45.41330123,6.437880516,297.9754944,0,225,457.1343994,9.999999747e-05,75930.01562,6.848146915,3.309919892
42.79999924,0,139.9936038,26.83763848,61.86463446,0.6131357643,62.8658004,6.43640995,297.9353027,0,225,452.2405396,9.999999747e-05,76028.59375,7.176820755,3.710199701
43,0,136.9691773,26.31445908,62.40496105,0.6234868013,82.31591909,6.435660839,299.3985596,0,225,135.6721649,473.4002075,76130.02344,7.444322109,4.038666043
43.20000076,10.0381044,144.6686523,25.74039278,61.35362816,0.6266301419,56.55224676,6.434353828,299.2981873,0,225,638.3686523,47.34001923,76225.91406,7.138431072,3.493005887
43.40000153,0,144.4040279,28.65230398,56.24135152,0.6088078683,6.705348737,6.43309164,299.145813,0,225,645.2138062,4.734002113,76314.28906,6.330365181,2.928316447
43.59999847,37.0799508,133.1046827,27.5662653,58.93915697,0.6763067752,53.99407741,6.433264732,298.9433594,0,225,642.0769043,0.4734002054,76401.39844,7.627336502,4.28213
43.79999924,0,145.8833733,26.82072098,58.71902985,0.5870188893,17.41935524,6.43178606,298.8046265,0,225,616.3413696,0.04734002054,76492.125,6.361676216,3.334921025
44,53.31718946,136.8011975,26.92196752,61.62411585,0.6755497271,77.21416495,6.43138504,298.6367798,0,225,605.3781738,0.004734002054,76581.66406,7.709178925,4.280942003
44.20000076,0,146.2910865,27.70794927,59.96019811,0.5768779233,33.79131683,6.429659367,298.5180054,0,225,578.68396,0.0004734001996,76676.03906,6.322399616,3.430541733
44.40000153,19.76246762,138.365686,26.02462078,60.93554505,0.6235119198,70.40720602,6.429546356,298.350647,0,225,562.847168,9.999999747e-05,76771.25,7.283613205,4.465381396
44.59999847,0,143.9693664,27.56545458,61.46522998,0.5965250595,49.92955008,6.428010941,298.2435913,0,225,525.4197998,9.999999747e-05,76868.24219,6.724577427,3.984097052
44.79999924,47.24995234,127.8224569,26.89839942,62.09872164,0.6681146636,118.1125055,6.430576324,298.0689697,0,225,502.8909607,9.999999747e-05,76964.83594,8.134640694,4.948295549
45,0,135.1482995,27.639542,59.10518578,0.6243110872,96.05529115,6.430250168,297.9724121,0,225,452.585907,9.999999747e-05,77068.92969,7.281787395,4.710530558
45.20000076,0,140.7666698,26.47361423,64.23195795,0.6189553751,67.99021363,6.428930759,297.9433289,0,225,423.1716003,9.999999747e-05,77168.83594,7.215794563,4.504347285
45.40000153,9.169833938,135.2330784,26.64635519,62.26633417,0.6371294373,81.0094191,6.429295063,299.2141113,0,225,126.9514847,419.0940857,77267.67188,7.530734062,4.836394881
45.59999847,0,146.9839525,26.60532983,62.17805949,0.5974778297,43.82766039,6.427620411,299.0746765,0,225,563.4661255,41.90940857,77363.59375,6.827735901,4.338875216
45.79999924,0,140.0804798,28.28338954,57.47179225,0.6221383423,13.42809751,6.427043438,298.8912354,0,225,551.3592529,4.190940857,77451.92969,6.742849827,4.533112046
46,17.4920519,138.8171043,26.72292325,57.28045605,0.6289036071,38.28667402,6.427448273,298.6649475,0,225,529.4122314,0.4190940857,77541.04688,7.069344521,4.847221808
46.20000076,0,145.9927346,27.17397495,60.2098447,0.5817112559,42.42265453,6.425981522,298.4796753,0,225,486.147583,0.04190940782,77636.65625,6.603837967,4.557936042
46.40000153,0,141.8888596,26.90151604,60.7469881,0.605794733,51.20316949,6.425404549,298.3515625,0,225,448.8543396,0.004190940876,77733.11719,6.918199062,4.789425418
46.59999847,0,144.9850921,26.89023144,60.88610088,0.5861925852,45.10093209,6.424338818,298.2449036,0,225,424.0344543,0.0004190940817,77829.17188,6.660680771,4.697636635
46.79999924,64.26751964,125.6482839,26.99374192,58.9258871,0.6572127592,102.2206153,6.428738594,298.1030884,0,225,401.3866882,9.999999747e-05,77918.49219,7.882148266,5.239258703
47,75.52367002,120.9662095,27.56989804,60.28318907,0.7220263248,121.7354399,6.433725834,297.9863281,0,225,362.4430237,9.999999747e-05,78008.40625,8.62238884,5.282058615
47.20000076,0,142.9956631,27.21167626,65.56700726,0.6062395848,56.96510618,6.43129015,297.9678955,0,225,327.0871582,9.999999747e-05,78106.61719,7.063176155,4.917783674
47.40000153,0,138.211335,27.31164439,64.18896766,0.6387587177,78.28621838,6.430075169,297.9518433,0,225,321.0926208,9.999999747e-05,78207.99219,7.427484989,5.104872514
47.59999847,4.97480254,128.4274208,27.74478053,61.84326579,0.670489515,93.7409437,6.431734562,297.9166565,0,225,314.4873657,9.999999747e-05,78308.89844,7.886497498,5.322856941
47.79999924,80.18946203,129.3822391,26.75445376,64.0733382,0.71282729,106.275693,6.433871269,298.9334106,0,225,94.34620667,337.6929932,78396.79688,8.421380997,5.350036083
48,0,142.8768526,27.09988309,67.29072903,0.6557404128,56.02502667,6.430980682,298.93573,0,225,442.2658997,33.76929855,78494.71094,7.418101311,4.991087793
48.20000076,0,146.0230825,27.28469397,61.99967278,0.5937466834,43.58251039,6.427656651,298.9120483,0,225,470.4397583,3.37692976,78591.3125,6.368703842,4.562975396
48.40000153,55.81695807,138.8668185,26.92208337,62.21547045,0.64205972,72.94750443,6.426311493,298.8491211,0,225,497.3460083,0.337692976,78680.44531,7.100917816,5.127422131
48.59999847,0,145.4071965,26.50239974,60.76912323,0.5884093203,48.3564227,6.423920631,298.8081055,0,225,510.0129089,0.03376929834,78777.78125,6.292880535,4.731181124
48.79999924,50.77833196,132.4009254,27.41835868,59.06775262,0.6843574905,77.29432032,6.424898624,298.70047,0,225,528.1751099,0.003376929788,78867.03125,7.503250122,5.415033095
49,57.5035935,120.6474839,28.80697585,58.46925724,0.7143795438,81.21076462,6.429563522,298.5297546,0,225,521.6554565,0.0003376929963,78952.50781,8.083542824,5.531607639
49.20000076,0,140.8163403,28.20976267,62.76038077,0.6325748767,65.46724164,6.427246094,298.4356079,0,225,489.8363342,9.999999747e-05,79052.14844,6.963683605,5.22627269
49.40000153,13.99600462,139.8782598,26.23922771,62.8627796,0.618550941,80.04864606,6.426398754,298.3292236,0,225,478.5014648,9.999999747e-05,79151.27344,7.057710171,5.386684918
49.59999847,0,143.2183553,26.95703552,63.35662202,0.6030378926,70.02376272,6.424713135,298.2327576,0,225,458.838623,9.999999747e-05,79252.21875,6.806458473,5.291553679
49.79999924,48.99346226,134.0770012,26.87861568,63.44024065,0.677178572,104.4836626,6.425637722,298.1515503,0,225,438.7012024,9.999999747e-05,79347.82031,7.743398666,5.568373345
50,23.66961762,118.7705539,28.60024597,61.11663654,0.7288687927,85.30471512,6.430854321,298.0614929,0,225,420.1315918,9.999999747e-05,79440.76562,8.355576515,5.619262674
50.20000076,0,140.6136995,27.99792851,63.41116753,0.6132277303,42.52682766,6.429059982,298.0034485,0,225,395.3564148,9.999999747e-05,79535.57812,6.842339039,5.431661422
50.40000153,14.5460143,135.9850128,26.7220703,64.21650823,0.6422483742,85.30964744,6.429447174,297.9183655,0,225,378.3140869,9.999999747e-05,79634.60938,7.481603622,5.585467616
50.59999847,16.798368,126.1923824,27.39293191,61.06409394,0.6717142664,118.2698998,6.433085442,299.0461731,0,225,113.4942322,405.6535645,79736.94531,7.99480629,5.560217192
50.79999924,4.351035616,138.323991,26.87834043,63.97266498,0.6593071547,74.91395765,6.432231903,298.9381714,0,225,500.1624146,40.56535721,79836.20312,7.511899471,5.591151745
51,0,145.4591713,27.14927123,61.50414459,0.5968131786,51.11729183,6.429535866,298.7705688,0,225,493.677124,4.056535721,79933.57812,6.569433689,5.400870186
51.20000076,0,142.7898802,26.42980519,60.83423989,0.6054755258,53.25133909,6.428575516,298.5722351,0,225,471.843811,0.4056535661,80030.39062,6.802408218,5.529134287
51.40000153,0,143.1771847,26.14486565,60.88471052,0.5975902514,49.17495654,6.427857399,298.411499,0,225,433.5755005,0.04056535661,80126.5,6.721819401,5.551222708
51.59999847,53.50856898,126.9502302,25.90492879,59.54784973,0.6597548388,85.34668972,6.433187485,298.1867371,0,225,401.0662537,0.004056535661,80214.3125,7.84642601,5.525891666
51.79999924,30.56701001,136.6849468,26.88703227,64.83760665,0.663412689,100.6993059,6.433517933,298.0547791,0,225,340.1576233,0.0004056535836,80312.98438,7.797783852,5.660516692
52,0,139.8910756,26.80716765,63.79864455,0.6156238947,55.12228082,6.432892323,297.9763184,0,225,303.3234253,9.999999747e-05,80409.48438,7.127240181,5.65294382
52.20000076,0,137.9580512,27.23454093,63.55635438,0.6340559313,79.98291527,6.432496071,297.9240417,0,225,279.2970276,9.999999747e-05,80510.76562,7.32298851,5.699511392
52.40000153,0,136.4818658,27.30913897,64.81515751,0.6496807377,86.90211557,6.432722569,298.7773743,0,225,83.78910828,290.5481873,80612.84375,7.583848,5.706696797
52.59999847,0,144.3508904,27.21214549,65.09272417,0.6157770263,78.8000792,6.430691242,298.679718,0,225,375.7228088,29.05481911,80715.125,7.128307819,5.667670378
52.79999924,0,142.7605645,27.27283706,61.75445917,0.606836755,68.58605066,6.429553986,298.531189,0,225,364.7861023,2.905481815,80814.95312,6.895111084,5.673350683
53,30.22671299,138.0496756,27.55100609,62.57265893,0.6561197868,89.38576525,6.430015087,298.3789368,0,225,339.7712097,0.2905481756,80911.61719,7.530776978,5.721362034
53.20000076,0,141.1870941,26.46712356,63.26069988,0.6166386413,80.21662295,6.429840088,298.2718201,0,225,308.2756042,0.02905481867,81013.36719,7.153143883,5.740719635
53.40000153,36.66086334,130.6786569,27.11720594,64.04745015,0.6991233692,98.60316055,6.43310833,298.1405029,0,225,286.6752014,0.002905481728,81108.49219,8.215999603,5.671062046
53.59999847,0,140.44336,27.49879541,65.31283095,0.6257582141,73.33226675,6.432364941,298.0690918,0,225,252.3632965,0.0002905481961,81208.71094,7.306714535,5.74910189
53.79999924,0,138.2112321,27.50892225,63.68623279,0.6366221362,76.45195054,6.432349682,298.0289001,0,225,233.9760742,9.999999747e-05,81309.15625,7.324751854,5.791801989
54,28.68614312,119.4259741,27.72274052,61.95943455,0.715156712,97.96940807,6.43900156,297.9584351,0,225,223.2363434,9.999999747e-05,81403.04688,8.429512024,5.603314221
54.20000076,0,135.0923934,27.6632101,65.79009641,0.6610334387,84.03978732,6.439005375,297.9353943,0,225,200.3098755,9.999999747e-05,81504.1875,7.713514805,5.806298324
54.40000153,53.67687533,104.6261874,27.95871665,63.87946425,0.8146245717,121.7949785,6.450587749,298.4807434,0,225,60.09296417,202.5211639,81593.5625,9.806257248,5.221132824
54.59999847,6.794860467,136.5952525,26.46971133,66.69429623,0.6896903911,88.26138325,6.449131966,298.4464722,0,225,245.9874573,20.25211716,81694,8.05795002,5.796387632
54.79999924,0,142.8837169,26.96400363,63.46758142,0.6100313697,61.8374522,6.445674896,298.3725281,0,225,248.09758,2.025211573,81792.125,7.02348423,5.796412304
55,47.00412508,128.8463881,27.30437293,64.9594697,0.731029778,100.646042,6.447485447,298.2773438,0,225,239.5878448,0.2025211602,81884.91406,8.50748539,5.73832784
55.20000076,0,137.343828,27.60085259,65.33600374,0.6477978947,83.1297981,6.445699692,298.2213135,0,225,221.2748871,0.02025211602,81986.15625,7.541888714,5.843517037
55.40000153,42.73925536,126.0828607,27.60214639,64.97494574,0.7377355654,116.3874543,6.448390484,298.1347046,0,225,213.0622864,0.002025211696,82082.33594,8.680346489,5.69107614
55.59999847,5.865831455,135.034961,27.35944762,64.09281902,0.6548547351,98.62021229,6.447325706,298.1078491,0,225,191.8968048,0.0002025211725,82185.03906,7.619535446,5.878380428
55.79999924,67.1132739,107.5740416,27.64804084,63.33011607,0.8046645235,122.8729553,6.456996918,298.0379639,0,225,188.3312836,9.999999747e-05,82272.8125,9.548197746,5.428795822
56,0,118.4175207,27.75336018,64.15666172,0.7279271783,98.47047203,6.460743904,298.0017395,0,225,168.472641,9.999999747e-05,82372.21875,8.614851952,5.642155997
56.20000076,48.14335302,129.3398816,26.1889961,66.02021219,0.7038270873,110.295221,6.460580826,297.9957275,0,225,157.9250488,9.999999747e-05,82467,8.303562164,5.862330765
56.40000153,1.886647461,129.8717414,27.31678577,66.40610712,0.6927586552,103.3890392,6.459413528,297.9947815,0,225,156.1816406,9.999999747e-05,82570.15625,8.137019157,5.88981965
56.59999847,100.6669066,104.8225986,26.71905679,62.8585853,0.7817888369,105.3524739,6.469801903,297.9325867,0,225,155.7413788,9.999999747e-05,82646.38281,9.434272766,5.268780768
56.79999924,0,129.185911,27.96168827,66.69015368,0.7002650341,94.77735948,6.467606068,298.4878845,0,225,46.72241211,187.6527252,82747.71875,8.244156837,5.809248742
57,0,136.9775864,27.68846245,65.87354781,0.6679274321,90.54707002,6.463053226,298.4471436,0,225,236.2394409,18.76527214,82850.13281,7.761930466,5.907962565
57.20000076,13.3834571,139.9832018,26.07865633,64.40448535,0.6355266821,76.12138606,6.458970547,298.3962708,0,225,236.316864,1.876527309,82947.67188,7.305702686,5.989803382
57.40000153,27.07932887,135.727862,27.04485001,63.36822242,0.6508287371,82.60493874,6.456759453,298.3282471,0,225,235.836731,0.1876527369,83042.73438,7.477916718,5.954402457
57.59999847,32.49776056,128.3674219,27.08661764,64.59273415,0.7214887244,92.92583649,6.457717896,298.2466125,0,225,227.6121368,0.01876527257,83136.79688,8.342754364,5.848049621
57.79999924,0,137.3040914,26.95835826,66.26104518,0.656349027,90.18784281,6.455165386,298.1940918,0,225,212.264679,0.001876527327,83239.41406,7.64919138,5.978112608
58,56.8146241,132.8228115,26.26653383,65.05241914,0.6734191243,94.66252939,6.455225945,298.1512146,0,225,204.008667,0.000187652724,83330.125,7.852275372,5.966446051
58.20000076,0,134.9718599,27.29561046,64.74854049,0.6599721011,91.79933493,6.453544617,298.1270142,0,225,196.8830872,9.999999747e-05,83432.75,7.585722923,6.035205298
58.40000153,86.59869614,113.5767,26.76432888,62.79863001,0.7434103394,112.1689567,6.461006165,298.0734558,0,225,194.5263824,9.999999747e-05,83516,8.777715683,5.682722506
58.59999847,0,130.1941146,27.04022996,66.01204477,0.6854666935,88.18769923,6.459549904,298.0891113,0,225,180.9963226,9.999999747e-05,83616.9375,7.835727692,6.124083129
58.79999924,49.16833366,112.5691553,27.37819732,62.50063082,0.749075508,127.1896484,6.465701103,298.0444946,0,225,189.5494232,9.999999747e-05,83710.85156,8.816144943,5.732527099
59,30.50463039,128.9981018,26.96560162,66.25614614,0.6924953331,91.07156638,6.464688301,298.0427246,0,225,177.3829956,9.999999747e-05,83805.59375,8.000992775,6.061003056
59.20000076,35.20237211,125.0203379,27.19938609,64.98402684,0.7367219101,103.2875673,6.46543932,298.0225525,0,225,178.7770081,9.999999747e-05,83900.74219,8.465613365,5.973035098
59.40000153,1.219487627,129.8529465,27.3505279,65.95512326,0.6874747227,101.502871,6.463967323,298.0145569,0,225,173.4299774,9.999999747e-05,84003.82812,7.961019993,6.062708573
59.59999847,99.85919509,118.9790501,25.93245809,66.09702269,0.7712803103,129.3516595,6.468714237,297.9648743,0,225,171.6682281,9.999999747e-05,84089.03906,9.136106491,5.754919129
59.79999924,58.27183038,109.087053,27.11507231,65.04714587,0.7838599927,108.9016806,6.476311207,297.9069214,0,225,155.1380768,9.999999747e-05,84175.9375,9.34932518,5.469441766
60,72.0304647,117.1640302,26.94910785,66.08866583,0.7777362514,109.7868247,6.479678631,298.3958435,0,225,46.5414238,178.7205811,84262.19531,9.166166306,5.662874846
60.20000076,28.75424894,132.5116518,27.06046971,67.65514185,0.7202878633,105.3197189,6.475885868,298.3722229,0,225,212.1660461,17.87205696,84360.53906,8.347261429,6.026398239
60.40000153,17.11158505,137.1084642,26.34575245,65.08417778,0.6523172473,80.31745622,6.471691608,298.3071289,0,225,215.1881256,1.787205815,84457.16406,7.559112072,6.034138577
60.59999847,68.1899396,131.0700609,26.0604354,65.84407561,0.6968173592,119.2268616,6.470764637,298.2269897,0,225,206.8653259,0.1787205786,84549.66406,8.231249809,5.95194091
60.79999924,29.19262571,128.7792079,26.81787973,66.44142851,0.7034985368,122.6052209,6.470102787,298.1662903,0,225,191.2205658,0.01787205786,84650.47656,8.304832458,5.968961518
61,19.42183898,128.8649403,27.38094917,65.20552501,0.6981433937,97.33751213,6.469324112,298.124176,0,225,179.4004669,0.001787205809,84748.25,8.093666077,5.990253617
61.20000076,13.24794975,130.0567033,27.24579035,65.48973778,0.693764923,109.5908669,6.468007088,298.0975952,0,225,171.5601807,0.0001787205838,84850.25781,8.044322014,6.068547755
61.40000153,42.00275003,122.7900961,27.58624783,65.07962778,0.7538245075,110.0169169,6.469914436,298.0577087,0,225,167.3621674,9.999999747e-05,84944.49219,8.701605797,5.912930735
61.59999847,68.87158161,124.2421226,26.11491628,65.81328306,0.7228406118,117.0752509,6.472157001,298.0162354,0,225,157.4562225,9.999999747e-05,85034.76562,8.557764053,5.873847081
61.79999924,87.77291193,108.4757218,26.69937465,63.99870484,0.7858291493,122.5090684,6.480477333,297.9528198,0,225,145.6178284,9.999999747e-05,85118.03125,9.384949684,5.457314089
62,33.09508216,117.3347434,27.8353066,67.68556534,0.7931595815,140.5108701,6.482311726,297.9335632,0,225,124.6547852,9.999999747e-05,85218.97656,9.321957588,5.839605028
62.20000076,44.46244844,121.9399342,26.66888194,67.43089576,0.7510381897,111.8000754,6.482797623,298.3095093,0,225,37.39643478,127.8644333,85312.73438,8.80002594,5.946170971
62.40000153,88.29687267,109.5358131,26.31939723,64.33482331,0.7920836292,112.8616964,6.489282131,298.2771912,0,225,164.7578278,12.78644371,85394.10938,9.357390404,5.570941259
62.59999847,69.23717595,110.0458786,26.81424281,66.02152368,0.789063006,131.2432115,6.493937016,298.219696,0,225,162.3901367,1.278644323,85483.42188,9.40443325,5.63243873
62.79999924,0,126.250491,27.83602455,67.59698172,0.7226702165,113.2921405,6.489767551,298.204071,0,225,153.1893616,0.1278644353,85587.89062,8.403702736,6.0977079
63,78.67011203,104.8174711,27.27488315,63.83386147,0.8013447749,143.4909506,6.496502876,298.1336975,0,225,156.4751434,0.01278644335,85676.375,9.574293137,5.48858507
63.20000076,0,123.4626059,27.81698484,67.95341682,0.7421424076,110.2463367,6.493157864,298.1256104,0,225,139.9590302,0.001278644311,85779.47656,8.629860878,6.057236279
63.40000153,27.55661278,124.6250088,26.80483354,66.26266795,0.7291525206,124.4604003,6.490511894,298.1144104,0,225,142.7182922,0.000127864434,85880.03125,8.510372162,6.082473712
63.59999847,66.02189388,123.0984127,26.45854596,65.70605679,0.7371909304,106.108639,6.48923254,298.1141968,0,225,143.6197662,9.999999747e-05,85968.60938,8.507527351,6.104713555
63.79999924,28.60749399,124.4532241,27.0007133,65.07422257,0.7241254903,105.2023522,6.487240314,298.1110229,0,225,147.9261475,9.999999747e-05,86065.11719,8.32045269,6.129600867
64,102.0603967,105.4827655,26.55905208,64.51034231,0.7965539491,140.1404226,6.494714737,298.0559998,0,225,151.1091156,9.999999747e-05,86148.375,9.524956703,5.566468571
64.19999695,57.52208781,108.6390135,27.28059327,66.52447301,0.7998029424,126.0846948,6.499034405,298.0211182,0,225,136.3203125,9.999999747e-05,86238.875,9.473135948,5.683774959
64.40000153,49.53562395,113.6493762,27.14910754,67.8090383,0.8138842685,145.2061295,6.500463009,297.9919739,0,225,126.7981567,9.999999747e-05,86336.23438,9.603581429,5.807079507
64.59999847,50.26069936,114.7055852,26.81915858,65.83844845,0.7712755605,130.9585662,6.501756668,297.9678955,0,225,117.7984848,9.999999747e-05,86430.67969,9.141050339,5.786947636
64.80000305,58.85946098,103.611201,27.56698345,64.84903623,0.816544102,130.1583543,6.507612228,297.9283142,0,224.8175964,109.4085007,9.999999747e-05,86520.17188,9.719780922,5.458758856
65,44.63099965,117.0569462,26.74622123,68.3522825,0.787736841,124.065723,6.506768703,298.2848816,0,222.2775726,32.82254791,129.6096039,86614.3125,9.300070763,5.841714098
65.19999695,22.33737538,122.338778,27.15415801,66.43146714,0.7440305029,123.2503758,6.503376484,298.2722473,0,220.111618,153.4549866,12.96096039,86713.77344,8.728019714,5.962458396
65.40000153,68.74410853,111.9599012,27.20550219,65.18221354,0.7787234308,126.6505592,6.505803585,298.1806335,0,219.2893982,157.1023407,1.296096087,86801.10938,9.31801796,5.500727248
65.59999847,57.6045763,120.0508225,26.1576646,67.51569401,0.7582601307,123.986985,6.504945278,298.1136475,0,217.4690704,135.8029633,0.1296095997,86891.78906,9.106879234,5.66833568
65.80000305,79.49585746,103.8579519,27.11171031,66.94074712,0.825844792,138.9114892,6.510439396,298.0193176,0,216.0216217,120.1540146,0.01296096016,86976.36719,10.05303764,5.140276981
66,32.37765252,112.9238273,27.54588544,66.99187786,0.7872056993,127.721327,6.51036787,297.9745789,0,212.3450623,92.37290192,0.001296096016,87070.11719,9.448235512,5.458639327
66.19999695,80.02367532,110.4054553,26.52120595,67.06065021,0.8029786511,133.3671108,6.512079716,297.9368286,0,208.7357635,78.36654663,0.0001296096016,87153.67969,9.685781479,5.371398734
66.40000153,58.93290568,111.215089,26.25520089,67.50763672,0.8054735993,124.7257565,6.512886047,298.1737061,0,204.417984,23.50996399,91.13286591,87239.02344,9.669440269,5.392384549
66.59999847,0.9770205243,117.3070448,27.48225889,68.06216823,0.7758838112,133.4358739,6.509109974,298.1576843,0,199.7863464,103.1488647,9.113286972,87338.98438,9.235790253,5.664689445
66.80000305,25.57038715,114.9841779,27.5674218,66.30665601,0.7720062441,116.7179946,6.506688118,298.1192322,0,196.6774139,102.3491516,0.9113286734,87429.14844,9.13925457,5.568676496
67,57.45137708,94.6867395,27.37315319,66.12893123,0.8597498682,137.8781333,6.514028549,298.0575562,0,194.5180664,95.12080383,0.09113287181,87511.30469,10.33901691,5.037677192
67.19999695,12.36483078,110.4925475,27.33533872,69.38268414,0.8168510037,146.1090411,6.512221336,298.0452576,0,189.3948822,78.60303497,0.009113286622,87607.8125,9.705307007,5.637003242
67.40000153,38.91230976,107.6581366,27.35475935,66.64549583,0.8170000867,139.6208453,6.511658669,298.0315247,0,185.0558167,76.97615051,0.0009113287088,87695.88281,9.636701584,5.553745351
67.59999847,79.13599193,104.6532816,25.83041586,66.54770157,0.818561673,119.0577147,6.513605118,298.0174561,0,180.9083405,74.03119659,9.999999747e-05,87769.55469,9.709332466,5.399256704
67.80000305,16.81369582,108.1275542,27.096087,67.10769915,0.8083550368,128.078019,6.511624336,298.0168152,0,175.9781494,70.457901,9.999999747e-05,87858.07031,9.498930931,5.589444153
68,30.29244414,103.3339191,27.48691985,67.14864785,0.8367482489,137.7746925,6.511441708,298.0148621,0,171.8611145,70.99734497,9.999999747e-05,87943.875,9.807790756,5.541418228
68.19999695,72.32639603,102.9432806,25.79112255,66.94158383,0.8170349317,119.651074,6.512596607,298.0189209,0,167.7986755,70.96321106,9.999999747e-05,88016.20312,9.629460335,5.514765617
68.40000153,77.78502141,101.9676415,26.3633095,67.15279486,0.8338272261,134.8956537,6.512859344,298.0132751,0,163.2757263,72.93701935,9.999999747e-05,88089.36719,9.830850601,5.462718922
68.59999847,0,104.546019,27.5092074,66.8572112,0.8063414091,128.9078623,6.509780884,298.019928,0,158.654892,71.66920471,9.999999747e-05,88177.24219,9.429215431,5.600896238
68.80000305,18.16820851,105.2570265,27.39134061,66.45644436,0.8178003442,136.2884057,6.506040096,298.0151978,0,155.2735443,74.49816132,9.999999747e-05,88262.25781,9.556256294,5.535305688
69,28.73376361,90.23889875,27.10396174,64.50220295,0.8507988482,131.7614235,6.509813786,297.984314,0,153.3798828,73.56385803,9.999999747e-05,88339.57812,10.10771179,5.001038161
69.19999695,0,103.2387196,27.10262503,67.59335006,0.8119196147,127.1338797,6.505903721,297.9818115,0,149.950058,63.5157547,9.999999747e-05,88424.65625,9.586375237,5.407506645
69.40000153,36.93579478,93.28397894,27.87091511,66.53228637,0.8608292619,154.2187448,6.505369663,297.9492493,0,148.1335144,62.29476166,9.999999747e-05,88504.58594,10.27192116,5.026343706
69.59999847,78.17179663,86.03870175,25.6179653,65.54440969,0.8620545306,124.4148445,6.509742737,298.1326904,0,146.4949646,18.68842888,81.58830261,88567.09375,10.43524742,4.630313296
69.80000305,0,102.2638431,28.13977978,68.1320682,0.8422204923,134.8913941,6.502552032,298.120636,0,143.1018982,80.3216095,8.158830643,88651.85156,9.907333374,5.26906536
70,10.01057397,98.52264714,27.177234,67.02656214,0.8256937264,135.2317344,6.498122692,298.0792847,0,142.6385803,79.76465607,0.8158830404,88733.26562,9.873756409,5.072121121
70.19999695,35.8449502,90.32616112,26.74345959,66.23284894,0.8439202383,131.0724729,6.498574257,298.0285339,0,143.9009399,70.10525513,0.08158830553,88806.44531,10.19584942,4.76421209
70.40000153,0,100.1376992,26.05982524,67.1168031,0.8233719563,120.8970233,6.494267941,297.9992676,0,144.9756775,55.87771606,0.008158830926,88887.49219,9.883420944,4.968763887
70.59999847,39.33857466,96.94969834,26.11311526,65.92701194,0.826998063,121.5203677,6.493004799,297.9727173,0,147.8041077,47.23342133,0.000815883046,88960.32812,9.93889904,4.891082379
70.80000305,16.41437594,100.1110338,27.48374427,68.18927671,0.8569604147,151.3173089,6.490270138,297.9546509,0,151.1126099,38.268013,9.999999747e-05,89045.76562,10.24051952,5.075184834
71,26.84271757,95.99528335,27.15710094,66.48195532,0.8377807984,113.029053,6.491426945,297.9447021,0,155.5293884,31.20988846,9.999999747e-05,89120.9375,10.00736237,4.931673548
71.19999695,28.73802533,88.30567232,26.88550027,65.65486409,0.8734466383,140.7561859,6.512096405,298.006958,0,159.4660339,9.362966537,40.73500061,89200.10938,12.62120247,3.248755564
71.40000153,0.9173429173,96.13323984,26.50267775,66.91922269,0.8714345809,143.4025992,6.505959988,298.0474243,0,155.0833435,28.83924294,4.073500156,89286.53906,10.41230392,4.054988002
71.59999847,6.809467636,100.7959939,26.77091672,66.04353067,0.8408028761,133.2348772,6.503656387,298.0334167,0,153.3055267,42.59827805,0.4073500037,89370.57812,9.9646101,5.127445798
71.80000305,0,101.5768049,27.09541356,67.18821206,0.8226267461,123.9687447,6.500482559,298.0240173,0,152.3509521,39.24343872,0.04073499888,89454.14844,9.803547859,5.139799909
72,46.67067792,89.15935272,26.758691,67.12525057,0.880865931,143.7090488,6.504170895,297.991394,0,152.6808929,37.35848618,0.004073500168,89528.90625,10.62742996,4.747696188
72.19999695,56.41687352,94.22478915,26.57430302,68.07548141,0.8599604517,153.1440897,6.505109787,297.9721375,0,151.5102997,27.07581139,0.0004073499877,89604.71875,10.415905,4.913331746
72.40000153,74.50616452,92.28907287,26.92218539,65.55260764,0.8944380026,138.964597,6.541004658,297.906311,0,149.9951324,20.35276985,9.999999747e-05,89673.16406,12.7736845,1.292187165
72.59999847,1.922000158,96.94743225,26.33175394,72.05879826,0.9047562499,162.960784,6.519309044,298.128418,0,133.9985809,6.105831146,54.02033615,89759.13281,10.83166885,3.147174129
72.80000305,51.66191333,91.15898698,25.95825722,67.27610965,0.8792369719,133.261971,6.514741421,298.0935364,0,126.9809494,79.70863342,5.402033806,89825.64844,10.4613533,4.861053181
73,51.75809525,89.15679045,25.48174146,65.654732,0.8625283059,122.0782365,6.527542591,298.0239563,0,121.5499573,70.82208252,0.5402033925,89888.17188,12.35660267,3.085431732
73.19999695,5.296629816,83.33979383,25.92303082,65.59451557,0.8908264926,98.2816922,6.568797588,297.9198608,0,110.9963608,50.58598709,0.05402033776,89951.58594,12.46244717,-0.467734159
73.40000153,0,85.74155601,25.13074175,66.3294557,0.8622430042,117.211233,6.583205223,298.0319824,0.5151888132,55.49818039,15.17579651,80.44815063,90008.96094,12.14015579,-0.4668618473
73.59999847,0,72.95901217,24.24093342,62.81239919,0.8199294083,51.10320611,6.505629539,298.1899109,1.035272121,27.74909019,51.63720703,8.044815063,90043.125,11.32151031,-0.1129758446
73.80000305,0,69.72148627,22.45059896,62.54990987,0.8235301742,8.855572577,6.504227638,298.0569458,0,26.31786919,106.4744415,0.804481566,90066.69531,11.18586063,-0.4764551378
74,0,66.70065185,23.08250099,63.41011272,0.774892631,34.44577226,6.502411842,297.948822,0,24.90310287,66.54756927,0.08044815809,90094.25781,10.86148167,-0.4723317954
74.19999695,0,73.44273014,24.10699003,64.67654737,0.832211871,85.34444761,6.50018692,298.0483093,0,24.45982361,19.96426964,75.98791504,90133.9375,11.55142021,-0.4720984326
74.40000153,0,77.29117811,25.30642143,64.35766339,0.8563266083,79.89043934,6.499248981,297.9664917,0,24.90655327,53.17631149,7.598791599,90173.90625,11.73710823,-0.4722537668
74.59999847,75.34520928,80.41616545,24.98138344,66.66277848,0.896389043,155.5523896,6.499349594,297.883667,0,25.72291183,26.01992607,0.7598791718,90214.99219,12.41749668,-0.4531551045
74.80000305,0,66.62613737,24.68257689,63.13938723,0.8540426166,62.77387161,6.500732422,297.9401245,0,26.49971771,7.805977821,53.68849182,90248.79688,11.60650539,-0.4685156551
75,0,68.54583417,24.29830719,62.23454155,0.8368540138,34.81810168,6.502822399,297.8724976,0,26.72245789,2.341793299,9.999999747e-05,90277.41406,11.3467207,-0.4679533203
75.19999695,0,68.78239568,22.62185177,62.08025546,0.799973006,44.29369657,6.504458427,297.9534912,0,26.11113358,0.7025380135,62.24308395,90307.57812,11.07079697,-0.4677891629
75.40000153,34.51075483,80.76302683,26.49795187,65.88446829,0.8836472729,135.5197999,6.50453043,297.8850098,0,24.84907913,24.3641243,6.224308491,90353.09375,12.19020081,-0.4603008436
75.59999847,68.43188643,69.51061838,24.76162785,61.04685482,0.8767608225,57.01458292,6.504369736,298.0224915,0,23.56188965,7.30923748,88.15072632,90371.75,11.6716156,-0.4539050365
75.80000305,0,75.57423671,25.02906418,64.56009721,0.8621987598,83.932804,6.502902985,297.9432678,0,22.33482933,50.94363785,8.81507206,90411.42969,11.76723576,-0.469230108
76,0,68.75084505,24.31885176,64.76413555,0.8219773289,86.68593964,6.501694202,298.1509705,0,21.69793129,15.28309155,120.4229813,90449.55469,11.43639088,-0.4712062139
76.19999695,0,75.96906393,25.95564984,65.5754548,0.8790538409,93.34296562,6.500154972,298.0577087,0,21.53944016,85.40367889,12.04229832,90491.25781,11.96199799,-0.4729306871
76.40000153,27.11432763,83.29485813,23.98874012,65.81216444,0.9084895867,120.8061829,6.499405861,297.9585876,0,21.99868011,57.3310585,1.204229832,90534.91406,12.36366272,-0.4638324858
76.59999847,19.96559431,72.07195608,25.2014158,62.47298433,0.9023039484,61.0297881,6.500327587,297.8786316,0,22.75387001,25.99453926,0.1204229817,90565.1875,11.97248363,-0.4621428669
76.80000305,14.51319289,73.94563018,24.74324291,63.44681246,0.8457909608,78.50966028,6.501427174,297.9246521,0,23.13746452,7.798361778,49.46228409,90600.69531,11.59887314,-0.4624145607
77,6.725062267,74.51820354,23.44446186,66.05059958,0.8427919227,115.0032675,6.502360821,297.8553162,0,23.08585167,2.339508533,9.999999747e-05,90645.21875,11.79423904,-0.4633540959
77.19999695,1.760619477,75.56725773,24.57537598,63.51366369,0.8503300683,86.46792534,6.503297329,297.9380798,0,22.66200638,0.70185256,63.58842468,90685.32812,11.67467403,-0.4643083066
77.40000153,20.46901613,74.22295491,24.86256044,64.55292125,0.8542882323,99.89461445,6.50414896,297.8700256,0,21.86301422,0.2105557621,9.999999747e-05,90723.9375,11.78439236,-0.4602717513
77.59999847,22.61151893,70.38307327,22.53331866,61.26439772,0.8415745974,38.66763448,6.504671097,297.9628601,0,20.72360802,0.06316673011,67.30161285,90747.78125,11.36215973,-0.4599099611
77.80000305,0,70.56730003,22.97763478,62.08703917,0.7899858263,38.59860155,6.50369072,297.8985596,0,19.37619781,27.72714615,6.73016119,90776.01562,10.92929935,-0.4649056013
78,0,66.82568989,23.12910936,60.57351993,0.8184614398,10.70393479,6.502817631,298.0428162,0,18.42486763,8.318143845,90.51306915,90797.38281,11.00813961,-0.4660381536
78.19999695,0,70.2564354,23.74539496,63.77332105,0.8103556363,50.08818726,6.501015186,297.9709473,0,17.81753922,54.76517868,9.051306725,90827.70312,11.17254162,-0.4670643129
78.40000153,71.45195641,74.73263906,26.74134099,66.1377543,0.8769416157,146.1504883,6.49907589,297.8893433,0,17.93457413,30.49518394,0.9051306844,90864.92188,12.11510468,-0.4494088274
78.59999847,31.79656267,66.79177994,23.52317013,63.60709534,0.8607434072,69.48402506,6.498298168,297.9579773,0,18.82489204,9.148554802,59.15105057,90891.94531,11.65122032,-0.457339303
78.80000305,49.34082655,78.62024098,25.8773116,64.73885014,0.871700465,128.0772421,6.498114109,297.8901062,0,20.0220356,29.29460907,5.915104866,90931.41406,12.00175476,-0.4534331135
79,0,66.17067954,23.29943999,62.24684436,0.8333114589,31.07018599,6.49946785,298.0296936,0,21.29447746,8.78838253,88.79750824,90957.40625,11.25754738,-0.4646380948
79.19999695,26.24707545,80.71540025,23.97969385,65.2192162,0.8688457473,115.7831273,6.500812531,297.9588318,0,22.02236748,53.33462524,8.879751205,90999.75,11.98198032,-0.4598942812
79.40000153,0,69.18093009,23.50609793,64.78619018,0.8103612799,71.51860346,6.502477646,297.8814087,0,22.2173233,28.95600128,0.8879750967,91035.125,11.29280853,-0.4626116653
79.59999847,0,71.33576739,22.32875326,61.74532623,0.8343686421,28.05905432,6.504757404,297.9494629,0,21.74511719,8.686800003,58.19194412,91062,11.27507877,-0.4620736746
79.80000305,6.733853746,66.57176524,25.51274971,63.52801343,0.8672016221,80.65085382,6.505838871,297.8813171,0,20.36009598,2.606040001,9.999999747e-05,91097.24219,11.73697376,-0.4602928995
80,0,65.50581384,23.46691582,60.8915351,0.8273726316,20.88454012,6.506211281,297.9657898,0,18.54836845,0.7818120122,63.80713272,91120.60938,11.11888695,-0.4616661614
80.19999695,0,70.73265877,23.71170901,63.90193568,0.808697989,62.7847987,6.504520416,297.9045105,0,16.58615112,25.97916985,6.380713463,91153.61719,11.20172882,-0.4618429466
80.40000153,48.4629936,76.37493753,24.6903722,62.89491671,0.8552555117,95.99097189,6.501708508,298.0325012,0,15.30463982,7.793750763,84.56546783,91184.92188,11.66419506,-0.4527362633
80.59999847,0,70.74035515,23.33197315,63.52626529,0.8059278662,46.08714734,6.498867035,297.9651794,0,15.14505386,48.82436371,8.456546783,91214.02344,11.08798981,-0.4637434934
80.80000305,0,67.74783666,22.86767772,63.4772797,0.7972794981,45.0196569,6.496290207,297.888092,0,16.1184845,25.85905838,0.8456546664,91242.07812,10.98495197,-0.4613654539
81,0,69.5972025,24.38111253,64.48636831,0.8160485813,78.7847351,6.49468565,297.9455872,0,18.12173653,7.757717133,54.54309082,91278.22656,11.27875805,-0.4609650421
81.19999695,0,70.14473141,22.8894606,62.66079144,0.7996726814,39.84225871,6.495457649,297.8780518,0,20.76447487,2.327315092,9.999999747e-05,91306.88281,10.97909832,-0.4605887237
81.40000153,81.82597411,82.07645718,24.60024033,65.04176492,0.8923496346,127.7536085,6.497657299,297.9535522,0,23.09381485,0.6981945634,61.35495377,91340.9375,12.16368961,-0.4433783658
81.59999847,0,79.20638609,24.59360636,63.67640845,0.8636967072,89.54965729,6.500640869,297.8898621,0,24.54622459,22.68567085,6.135495186,91383.4375,11.7478447,-0.4600375255
81.80000305,0,68.98982919,24.05771637,64.65758922,0.8175328197,79.49820011,6.503825665,298.0139771,0,24.80710411,6.805701256,82.6987915,91420.92969,11.32463551,-0.4605453535
82,0,72.84469712,23.56636579,63.44947454,0.7991428014,53.60871782,6.506416798,297.9449463,0,23.79592896,45.97412491,8.269879341,91453.875,11.05283737,-0.4609703813
82.19999695,0,70.61075019,22.828088,62.68387208,0.7973780639,37.02480875,6.507897377,298.1269531,0,21.75094223,13.79223728,108.7260742,91482.24219,10.94711018,-0.462409185
82.40000153,0,70.07053834,24.79098682,63.48664327,0.8490288001,57.79946561,6.507267952,298.04953,0,19.1154213,75.03549194,10.87260818,91514.49219,11.4393158,-0.4638124183
82.59999847,0,69.40513168,23.05949905,63.92997935,0.8066496727,53.32545258,6.505030632,297.9605408,0,16.73513794,51.72312546,1.087260723,91544.85156,11.08433723,-0.4609855351
82.80000305,0,70.49581221,22.71692969,62.23068124,0.7908600915,32.91941912,6.501565456,297.8819885,0,15.24822903,23.45981216,0.1087260768,91570.89062,10.80627823,-0.458260089
83,0,73.92291868,21.97003289,62.59152443,0.8065331951,42.52861813,6.498069286,297.9256592,0,15.14617538,7.03794384,48.38411331,91599.71094,10.99744606,-0.4577182174
83.19999695,0,68.41807409,25.13333315,63.59723139,0.8549485889,68.31656108,6.495669842,297.8577881,0,16.43880081,2.1113832,9.999999747e-05,91633.20312,11.48605442,-0.457305604
83.40000153,0,66.84091157,22.87662056,60.34037426,0.8142354269,8.955741618,6.495066166,297.9374695,0,18.68747139,0.6334149241,61.82551193,91654.09375,10.83941174,-0.4573686491
83.59999847,0,72.52198614,24.83712463,65.38026474,0.8333576043,89.84906444,6.495351791,297.8699036,0,21.17531586,0.1900244802,9.999999747e-05,91694.01562,11.44976425,-0.4573301797
83.80000305,0,68.06341294,23.21307468,61.22610177,0.8178154188,12.36433133,6.497906685,297.9602966,0,23.55174065,0.05700734258,66.40879059,91717.00781,10.92163849,-0.4573526633
84,0,69.86398775,25.32479537,65.52717671,0.8368825073,105.1264304,6.500868797,297.8952942,0,24.90166092,26.87375641,6.640879154,91760.25,11.53620911,-0.4573107104
84.19999695,0,72.10229636,23.7035374,64.12115789,0.8130344524,70.35582662,6.504248619,298.0351562,0,25.07258987,8.062127113,89.91152191,91796.72656,11.19649696,-0.4580410735
84.40000153,0,70.57304958,23.39427005,64.190989,0.8201228337,54.98117862,6.506281376,297.9611816,0,23.89153671,52.87018585,8.99115181,91829.21875,11.18140316,-0.4586490071
84.59999847,0,70.5772308,22.89314282,63.13702669,0.789918338,31.14790935,6.506636143,297.881073,0,21.90306282,27.62553215,0.8991152048,91856.27344,10.7913723,-0.4558572987
84.80000305,0,68.22503949,23.77642923,63.58385163,0.8101240516,65.75990235,6.505560398,297.9433899,0,19.77391624,8.287659645,56.96263123,91889.54688,11.0693779,-0.4553630689
85,0,70.73538481,23.7780731,62.27866383,0.7993954135,52.67341542,6.503822803,297.8754272,0,18.07433701,2.486297846,9.999999747e-05,91920.57031,10.89810658,-0.4551335723
85.19999695,0,72.04436104,22.83714954,61.95950312,0.8042953351,35.3774871,6.501600266,297.957428,0,17.06749153,0.7458893657,63.36273956,91948.03906,10.87396812,-0.4552657084
85.40000153,0,73.34345379,24.70779238,65.35294251,0.8400998699,95.01323672,6.499232769,297.8925476,0,16.9491272,24.8731041,6.336274147,91988.5,11.48489857,-0.4554627948
85.59999847,0,71.0087423,22.67559937,62.69849907,0.7957234884,27.97350201,6.497354984,298.0244446,0,17.77662277,7.461931705,86.32569885,92014.24219,10.79128075,-0.4564581361
85.80000305,23.76050777,80.05581576,24.12483787,64.91667105,0.8758493097,100.2429421,6.496463299,297.95047,0,19.35321999,49.42220306,8.632570267,92053.08594,11.80922794,-0.4523971191
86,0,67.89648289,23.24215126,61.49678164,0.8184841548,9.502881024,6.496816158,297.8731079,0,21.28476143,23.83145332,0.8632569909,92074.95312,10.85395908,-0.4545754113
86.19999695,24.91334097,69.70683952,22.88276388,62.56658547,0.8423853477,53.10827571,6.497749329,297.9287109,0,23.07426453,7.149435997,53.93055344,92101.40625,11.24429226,-0.4488814182
86.40000153,0,75.52317364,24.81505339,65.74743545,0.8384274825,100.3794774,6.498950005,297.8596802,0,24.4926281,2.144830704,9.999999747e-05,92144.92188,11.48086262,-0.4533891923
86.59999847,2.571758426,70.65477003,24.45126964,65.36750896,0.8359502687,101.6490651,6.500540733,297.9436951,0,25.43160439,0.6434492469,64.82408142,92186.89062,11.43716812,-0.4527681171
86.80000305,0,71.60935494,23.63710988,61.38865906,0.8412418587,29.40331605,6.502997398,297.8774719,0,25.7339344,0.1930347681,9.999999747e-05,92214.77344,11.11214733,-0.4531799504
87,0,72.04309459,23.23952884,63.09968667,0.8064517058,58.01960692,6.504611969,297.9641724,0,25.05204201,0.05791043118,65.55854034,92248.39062,10.97321606,-0.453122021
87.19999695,30.066653,77.28488589,22.72578077,63.68934053,0.8292537863,86.14862458,6.505316257,297.8955078,0,23.72975922,25.87119675,6.555854321,92282.67188,11.29515648,-0.4470029784
87.40000153,0,70.3990638,23.05210985,62.89926936,0.7943115243,31.56179428,6.505223274,298.0323486,0,22.12619019,7.761359215,89.04510498,92309.71094,10.74898815,-0.4538791747
87.59999847,0,74.01743781,25.06638864,65.33853319,0.8367888017,104.7201674,6.503739357,297.952301,0,20.55945015,51.56313705,8.904510498,92352.79688,11.42346287,-0.4545912967
87.80000305,15.49201293,77.53027757,25.26491355,63.91025217,0.85156808,89.6357046,6.502091885,297.8720398,0,19.58826065,24.13944626,0.890451014,92390.5,11.46047497,-0.4488024588
88,0,69.22710636,23.06710936,63.44462142,0.8002843812,59.18307409,6.500754356,297.9272156,0,19.27215767,7.241833687,53.8022728,92422.39844,10.90806293,-0.4513868685
88.19999695,18.32105711,80.65654625,24.67608123,63.03037409,0.8542386197,80.015059,6.499310017,297.8584595,0,19.48951912,2.172550201,9.999999747e-05,92458.30469,11.43398666,-0.4473476535
88.40000153,0,74.75254091,21.85405588,62.67024937,0.8028941462,42.76072124,6.498440266,297.9433899,0,20.28596878,0.6517650485,64.89176941,92488.29688,10.86687851,-0.4511221464
88.59999847,0,66.67861739,23.98972946,61.79940989,0.8356535274,37.86597833,6.497888565,297.8772583,0,21.42812157,0.1955295205,9.999999747e-05,92515.57812,11.02918339,-0.4512297895
88.80000305,0,77.5792198,24.6577184,63.18445809,0.8483053095,72.27994457,6.497913837,297.9637451,0,22.79164505,0.05865885317,65.81822968,92553.35156,11.33661175,-0.451335848
89,22.98742339,77.6315447,24.62230186,62.88704526,0.8445537989,73.54824866,6.498867989,297.8951416,0,24.14417458,25.78535271,6.581823349,92586.95312,11.3019495,-0.4467326073
89.19999695,0,72.06603101,22.63473563,62.23757711,0.7899606555,30.71119345,6.500377655,298.0311279,0,25.11400223,7.735605717,88.9561615,92614.73438,10.66973019,-0.4520615146
89.40000153,0,71.91135902,24.66983683,63.12585943,0.8532925672,47.84788947,6.501688957,297.9498596,0,25.4810276,51.2315979,8.895615578,92646.39062,11.25890923,-0.452577982
89.59999847,38.42357724,77.32619105,26.7550544,64.85911124,0.9169875062,103.9487042,6.502353191,298.148407,0,25.32593346,15.36948013,119.6374588,92683.42969,12.03068447,-0.4464582568
89.80000305,0,73.75128504,23.62605253,65.00714969,0.8346497985,74.83324229,6.503562927,298.0541687,0,24.90659904,82.60330963,11.96374607,92720.83594,11.28016376,-0.455431779
90,0,71.69983625,23.15756637,63.50339236,0.7979187691,46.99317024,6.326203346,298.5898438,0,23.99960709,54.16444397,1.196374536,92751.57031,1,-0.4704251466
90.19999695,199.7387391,77.43730284,25.80393927,63.99913448,0.9385198276,154.8988406,6.358652592,298.3544006,0,94.62389374,241.7056122,0.1196374595,92780.25,12.58193684,-0.4408168732
90.40000153,0,86.22951222,24.21218113,71.89293889,0.9236042982,67.69948758,6.297694683,298.6387024,0,151.0089264,178.5863495,0.01196374558,92845.71875,1,-0.4777387638
90.59999847,199.3860374,77.65915262,25.80469964,63.97628783,0.9373201009,154.8276469,6.319040775,298.559906,0,225,291.7203064,0.001196374535,92901.25781,12.97004318,-0.4519726528
90.80000305,58.49232876,95.74319334,26.08971287,72.77447489,0.9211044544,161.3292435,6.268710613,298.8014526,0,225,286.3601379,0.0001196374578,92992.13281,1,-0.4756260492
91,197.0604328,78.98439858,25.79961989,63.9544623,0.9315909022,153.5182393,6.287280083,298.6529541,0,225,391.2798462,9.999999747e-05,93048.34375,12.87333107,-0.4593402248
91.19999695,41.55473738,106.5106246,24.96428468,76,0.9005182375,133.4993988,6.232298851,298.9075317,0,225,368.2895813,9.999999747e-05,93139.86719,1,-0.486454223
91.40000153,197.4418267,78.83579273,25.79395519,63.95891422,0.9317448823,154.1481814,6.243903637,298.7366638,0,225,481.7155457,9.999999747e-05,93196.25781,12.82485771,-0.4664492956
91.59999847,80.15510093,100.0704239,25.55335216,72.89093731,0.9331688795,126.796584,6.228075027,298.749115,0,225,454.88797,9.999999747e-05,93277.02344,1,-0.4772942667
91.80000305,197.1303509,78.94231709,25.79731064,63.96881195,0.9317538317,153.5650675,6.263957977,298.4703674,0,225,488.0930786,9.999999747e-05,93333.61719,12.80208778,-0.4562617052
92,56.26528901,103.8659814,24.87716105,73.97344665,0.8989460798,105.9300958,6.238862514,298.568634,0,225,419.9266968,9.999999747e-05,93416.00781,1,-0.4724339125
92.19999695,196.9510447,78.96731883,25.79339741,63.99024002,0.9315727105,153.7878892,6.275812626,298.299469,0,225,473.5572205,9.999999747e-05,93472.71875,12.76253986,-0.4482452039
92.40000153,37.12088765,102.2620171,25.35285051,75.19640555,0.9107928909,148.9988757,6.253509045,298.3917542,0,225,401.2850647,9.999999747e-05,93567.5,1,-0.4678884334
92.59999847,197.3310272,78.86149546,25.79464785,63.98492148,0.931857097,153.8477225,6.290172577,298.1303711,0,225,446.3730164,9.999999747e-05,93623.99219,12.72073746,-0.4400604077
92.80000305,84.07580731,94.37416411,25.12127355,73.16616507,0.9274815867,124.8154321,6.356834888,297.7982178,0,225,370.1861267,9.999999747e-05,93701.94531,12.9038868,-0.444114902
93,17.66175265,102.3063939,25.26868232,76,0.9045235586,191.5951611,6.266714573,299.401123,0,225,111.0558395,444.8271179,93808.89844,1,-0.4803693446
93.19999695,197.9473358,78.6256555,25.80784332,63.95572754,0.9338819424,153.9338548,6.290560246,299.1079407,0,225,658.9750366,44.48271179,93864.53906,12.67520618,-0.4730000233
93.40000153,63.92473242,100.4428231,24.03612163,75.45354168,0.9647112265,96.6703679,6.289423943,298.9352112,0,225,598.3481445,4.448271275,93941.70312,1,-0.480257973
93.59999847,197.7052785,78.50493641,25.79923803,63.97468681,0.9337401553,153.3561402,6.330595016,298.5809631,0,225,582.5004272,0.4448271394,93997.44531,12.65913868,-0.4508257848
93.80000305,66.31553825,102.6817286,26.15391099,74.62363734,0.9264052157,152.4665148,6.34539175,298.4465942,0,225,496.6581726,0.0444827117,94086.88281,1,-0.4577399305
94,198.2314065,78.27761377,25.8092563,64.00859565,0.9355615269,154.2628228,6.400315762,298.1308289,0,225,474.7426453,0.004448271357,94142.70312,12.66901398,-0.4272584043
94.19999695,34.68814167,98.12057282,25.15211497,75.19552705,0.8916592384,166.8190108,6.390301228,298.1358643,0,225,383.5552979,0.0004448271357,94239.99219,1,-0.4454165547
94.40000153,198.8875855,77.9496223,25.79784234,63.97814302,0.9354034951,154.6040228,6.446584225,297.9174805,0,225,392.5648804,9.999999747e-05,94295.78906,12.67379856,-0.4141448989
94.59999847,33.67568832,95.01269188,26.33812652,73.48029801,0.910557661,190.2341134,6.466694355,299.0293884,0,225,117.7694626,475.8324585,94397.40625,1,-0.4519134288
94.80000305,197.6637954,78.3444215,25.81867276,64.03317789,0.9356725283,154.5855377,6.521579266,298.8364258,0,225,499.9150696,47.58324814,94453.07031,12.67838478,-0.4367908138
95,29.48613698,105.5532324,29.39858825,76,0.9729551324,190.264257,nan,nan,0,216.7725372,463.6041565,4.758324623,nan,nan,-100
